_id,Date,Total calls handled,Total calls coded,Code 1A - Referral to a Sleeping/Resting Space,Code 1B - External Transfer to AWHL,Code 1C - Referral to Eviction Prevention Service,Code 1D - Declined Shelter/Resting Space,Code 2A - Internal Transfer to CI,Code 2B - External Transfer - Homelessness-related,Code 2C - Information - Homelessness & Prevention Services,Code 2D - Information - Non-Homelessness-related,Code 3A - Shelter Space Unavailable - Family,Code 3B - Shelter Space Unavailable - Individuals/Couples,Code 3C - Follow-up / Check on Placement,Code 4A - Dead Air,Code 4B - Disconnected - No Outcome
1,2020-11-03,390,301,44,0,1,16,0,8,66,11,0,91,23,24,17
2,2020-11-04,392,337,56,6,1,17,0,16,77,11,0,92,21,10,30
3,2020-11-05,378,315,66,4,0,15,1,10,92,5,0,61,28,11,22
4,2020-11-06,343,283,49,3,2,22,0,5,71,8,0,66,25,10,22
5,2020-11-07,255,168,52,0,0,9,0,4,41,9,0,26,4,7,16
6,2020-11-08,257,213,48,3,1,8,0,7,48,11,0,45,13,3,26
7,2020-11-09,331,261,52,2,3,16,3,11,92,2,0,37,9,12,22
8,2020-11-10,338,271,54,0,0,8,0,18,75,14,0,47,13,13,29
9,2020-11-11,356,290,59,1,1,13,0,13,62,12,0,56,32,11,30
10,2020-11-12,450,364,47,5,3,13,1,12,79,19,0,98,44,18,25
11,2020-11-13,419,333,32,1,0,6,0,11,71,13,0,100,57,12,30
12,2020-11-14,386,292,40,4,1,6,1,15,40,11,0,88,47,11,28
13,2020-11-15,372,282,40,4,0,1,0,13,57,4,0,93,48,4,18
14,2020-11-16,479,372,56,4,2,8,1,6,98,14,0,123,22,9,29
15,2020-11-17,507,414,68,3,1,11,0,19,111,13,0,89,42,17,40
16,2020-11-18,507,365,67,1,0,25,0,10,81,11,0,94,49,8,19
17,2020-11-19,420,320,51,3,1,23,1,6,91,11,0,62,42,9,20
18,2020-11-20,396,292,57,0,0,28,1,16,75,8,0,43,28,17,19
19,2020-11-21,320,243,53,5,0,25,0,13,53,6,0,43,12,6,27
20,2020-11-22,421,307,53,2,1,30,4,23,76,10,0,42,23,12,31
21,2020-11-23,377,297,53,4,4,13,0,9,74,7,0,58,41,17,17
22,2020-11-24,450,337,58,2,2,24,0,13,72,9,0,78,39,22,18
23,2020-11-25,446,356,59,8,2,16,0,22,70,9,0,85,44,7,34
24,2020-11-26,472,342,37,1,1,16,2,11,94,6,0,72,48,17,37
25,2020-11-27,382,289,52,5,2,12,2,21,89,16,0,46,16,7,21
26,2020-11-28,316,242,37,4,0,2,2,12,60,14,0,45,37,5,24
27,2020-11-29,296,211,39,7,0,11,2,5,44,12,0,38,19,8,26
28,2020-11-30,395,270,54,2,0,24,0,15,70,9,0,36,24,15,21
29,2020-12-01,427,340,63,2,1,12,1,11,89,16,0,59,44,17,25
30,2020-12-02,422,322,59,3,1,26,3,21,93,8,0,33,32,13,30
31,2020-12-03,348,286,60,3,1,18,3,16,75,10,0,39,17,16,28
32,2020-12-04,468,351,60,7,1,21,4,25,73,14,0,70,42,14,20
33,2020-12-05,373,279,56,1,0,15,2,15,60,5,0,47,33,20,25
34,2020-12-06,365,306,75,4,2,26,2,10,79,10,0,46,21,9,22
35,2020-12-07,450,406,58,6,0,25,6,16,113,10,0,65,65,15,27
36,2020-12-08,525,445,72,0,2,35,0,24,91,11,0,78,59,32,41
37,2020-12-09,412,350,75,1,2,21,2,20,89,8,0,57,49,11,15
38,2020-12-10,419,345,55,1,0,23,2,19,81,12,0,71,48,9,24
39,2020-12-11,386,319,77,7,1,21,0,11,64,12,0,62,22,15,27
40,2020-12-12,362,283,59,3,0,26,1,24,65,9,0,49,25,10,12
41,2020-12-13,401,318,56,3,0,23,2,15,71,9,0,63,41,9,26
42,2020-12-14,382,343,63,1,1,20,1,11,96,8,0,63,52,8,19
43,2020-12-15,426,362,82,5,0,24,0,14,99,6,0,51,43,11,27
44,2020-12-16,393,337,91,3,1,24,1,13,90,8,0,27,30,18,31
45,2020-12-17,385,319,61,1,3,30,1,11,79,8,0,43,19,23,40
46,2020-12-18,451,367,39,6,2,9,1,17,67,9,0,113,61,12,31
47,2020-12-19,426,376,51,0,0,14,3,25,80,11,0,64,85,7,36
48,2020-12-20,447,400,40,1,0,19,4,18,70,12,0,86,110,12,28
49,2020-12-21,387,352,55,2,1,19,0,15,80,10,0,66,56,18,30
50,2020-12-22,365,324,60,3,3,19,2,31,89,11,0,29,39,13,25
51,2020-12-23,309,288,74,7,0,26,1,25,79,3,0,17,20,19,17
52,2020-12-24,314,289,82,5,0,32,3,16,69,16,0,13,15,8,30
53,2020-12-25,277,235,59,1,0,23,2,27,44,8,0,23,19,8,21
54,2020-12-26,354,309,73,2,3,24,3,17,64,16,0,31,30,11,35
55,2020-12-27,336,294,60,3,0,17,0,20,68,14,0,50,28,9,25
56,2020-12-28,363,329,54,2,0,13,2,14,94,7,0,64,42,11,26
57,2020-12-29,396,349,87,6,1,33,2,16,74,25,0,31,28,14,32
58,2020-12-30,345,294,88,1,3,23,1,10,66,25,0,18,18,10,31
59,2020-12-31,360,315,83,2,2,25,2,14,76,8,0,32,31,7,33
60,2021-01-01,305,267,57,1,0,19,2,12,63,14,0,43,20,7,29
61,2021-01-02,319,299,64,0,0,12,2,13,59,10,0,61,42,8,28
62,2021-01-03,281,241,42,5,0,9,1,16,51,11,0,56,28,9,13
63,2021-01-04,379,333,70,3,0,23,4,19,84,17,0,53,29,17,14
64,2021-01-05,461,402,57,6,1,40,0,17,73,16,0,90,52,14,36
65,2021-01-06,442,404,66,1,1,11,3,15,82,12,0,92,71,8,42
66,2021-01-07,440,373,59,4,3,22,3,15,104,18,0,55,28,12,50
67,2021-01-08,475,421,45,3,0,16,0,20,88,11,0,110,75,22,31
68,2021-01-09,506,439,39,0,0,17,0,13,110,10,0,105,95,11,39
69,2021-01-10,477,403,45,0,2,18,1,21,51,9,0,85,115,16,40
70,2021-01-11,529,480,40,4,0,17,1,34,82,14,0,103,137,15,33
71,2021-01-12,499,447,42,1,1,13,2,17,82,15,0,102,111,23,38
72,2021-01-13,602,517,47,1,0,15,1,20,118,12,0,121,135,17,30
73,2021-01-14,576,526,28,8,3,13,0,20,107,10,0,120,182,8,27
74,2021-01-15,620,560,41,3,0,6,4,23,112,15,0,122,179,18,37
75,2021-01-16,475,426,27,3,1,14,1,11,43,16,0,117,149,12,32
76,2021-01-17,551,495,41,6,1,18,3,12,57,9,0,125,161,26,36
77,2021-01-18,540,466,69,3,1,21,2,17,86,18,0,102,95,17,35
78,2021-01-19,517,455,66,1,4,35,4,22,108,5,0,81,75,20,34
79,2021-01-20,461,407,55,0,0,34,4,14,81,12,0,76,86,11,34
80,2021-01-21,461,400,42,1,2,22,1,13,79,12,0,88,75,6,59
81,2021-01-22,448,398,75,1,3,19,0,20,95,13,0,43,67,20,42
82,2021-01-23,358,319,101,4,1,23,1,18,75,16,0,16,27,10,27
83,2021-01-24,284,247,58,2,0,22,3,11,50,18,0,20,18,15,30
84,2021-01-25,507,445,63,2,4,29,8,15,89,15,0,64,82,15,59
85,2021-01-26,503,452,55,1,0,24,2,14,86,8,0,81,130,19,32
86,2021-01-27,389,344,69,4,2,25,1,13,59,14,0,61,49,14,33
87,2021-01-28,350,316,83,2,2,37,2,10,86,11,0,23,26,13,21
88,2021-01-29,370,313,67,1,0,25,2,12,63,17,0,19,45,14,48
89,2021-01-30,288,239,53,1,0,23,1,12,75,12,0,18,20,9,15
90,2021-01-31,292,257,60,2,0,27,1,14,55,11,0,15,18,9,45
91,2021-02-01,423,368,58,3,3,30,2,24,105,17,0,27,38,14,47
92,2021-02-02,445,384,70,2,5,23,2,12,77,9,0,74,55,20,35
93,2021-02-03,491,433,55,4,3,12,0,20,65,19,0,98,95,23,39
94,2021-02-04,533,488,48,1,3,16,1,11,81,9,0,121,125,24,48
95,2021-02-05,479,404,61,4,0,12,1,10,69,20,0,79,92,17,39
96,2021-02-06,458,385,47,3,1,15,5,16,75,18,0,92,71,11,31
97,2021-02-07,386,341,67,2,0,18,2,13,61,16,0,76,53,6,27
98,2021-02-08,390,348,79,1,2,20,0,16,84,21,0,33,39,13,40
99,2021-02-09,462,409,79,6,0,38,8,15,85,15,0,58,52,11,42
100,2021-02-10,384,334,81,3,0,29,1,21,79,13,0,21,27,10,49
101,2021-02-11,452,391,78,1,1,23,2,27,90,10,0,46,42,26,45
102,2021-02-12,402,359,70,4,1,33,0,33,69,9,0,29,55,11,45
103,2021-02-13,358,305,42,4,0,10,3,25,62,9,0,57,48,14,31
104,2021-02-14,328,296,58,5,1,26,2,23,80,15,0,25,22,7,32
105,2021-02-15,364,315,67,5,0,38,0,23,87,5,0,12,24,19,35
106,2021-02-16,353,310,68,2,1,28,2,14,57,22,0,42,44,9,21
107,2021-02-17,436,380,53,0,2,27,2,29,80,16,0,68,63,8,32
108,2021-02-18,344,285,52,0,2,28,3,20,58,11,0,43,30,12,26
109,2021-02-19,376,318,60,2,0,20,0,29,83,8,0,42,39,7,28
110,2021-02-20,339,290,55,3,0,12,2,21,70,25,0,30,28,10,34
111,2021-02-21,383,338,52,1,0,16,0,8,66,23,0,71,50,18,33
112,2021-02-22,492,442,45,4,2,23,3,16,77,18,0,109,95,13,37
113,2021-02-23,483,423,52,2,0,23,3,22,63,15,0,95,104,13,31
114,2021-02-24,622,537,61,1,0,19,1,19,79,14,0,109,133,32,69
115,2021-02-25,498,421,36,1,4,15,1,8,76,22,0,103,103,14,38
116,2021-02-26,476,416,68,5,1,20,1,20,88,13,0,76,84,10,30
117,2021-02-27,437,376,42,4,0,18,3,23,65,12,0,75,92,14,28
118,2021-02-28,480,429,58,2,0,15,6,16,63,16,0,85,104,16,48
119,2021-03-01,455,401,92,2,2,30,4,16,70,12,0,67,62,15,29
120,2021-03-02,421,383,103,5,0,39,0,22,100,19,0,22,26,16,31
121,2021-03-03,407,355,84,3,2,35,4,16,89,25,0,13,34,12,38
122,2021-03-04,459,420,90,6,0,41,2,21,101,15,0,52,45,9,38
123,2021-03-05,460,413,81,5,0,27,1,30,82,27,0,56,56,6,42
124,2021-03-06,361,292,69,2,0,24,2,16,55,13,0,31,23,11,46
125,2021-03-07,362,310,58,3,1,33,1,22,43,12,0,33,31,14,59
126,2021-03-08,382,342,64,2,0,16,0,19,70,11,0,67,40,17,36
127,2021-03-09,401,363,36,1,2,11,0,18,82,11,0,89,68,15,30
128,2021-03-10,506,445,68,3,4,12,4,16,73,16,3,88,94,14,50
129,2021-03-11,513,443,58,4,1,12,1,11,97,19,4,99,76,20,41
130,2021-03-12,450,392,78,0,1,34,2,14,78,16,4,56,45,21,43
131,2021-03-13,388,339,80,2,0,36,3,16,61,23,0,26,33,20,39
132,2021-03-14,357,312,64,3,0,24,2,11,53,19,0,35,34,35,32
133,2021-03-15,446,410,65,3,2,20,3,22,76,12,0,81,69,19,38
134,2021-03-16,510,450,53,2,1,8,1,22,95,12,5,101,88,7,55
135,2021-03-17,501,439,47,2,0,20,2,24,78,21,0,91,91,13,50
136,2021-03-18,440,381,40,2,1,21,7,24,71,19,1,82,61,14,38
137,2021-03-19,447,378,60,3,2,10,4,12,74,15,3,84,66,15,30
138,2021-03-20,457,404,29,0,1,15,5,15,67,23,1,83,114,8,43
139,2021-03-21,450,408,28,4,1,7,2,16,41,13,1,118,130,14,33
140,2021-03-22,546,499,34,0,1,11,1,20,60,15,1,149,136,23,48
141,2021-03-23,507,452,37,1,0,8,5,18,62,11,3,118,142,10,37
142,2021-03-24,528,458,50,1,2,18,1,18,67,9,1,104,141,17,29
143,2021-03-25,473,420,53,4,2,11,2,26,69,21,3,76,96,13,44
144,2021-03-26,514,440,44,4,0,12,3,22,74,18,0,100,114,9,40
145,2021-03-27,456,402,35,0,0,6,1,12,44,16,0,108,152,9,19
146,2021-03-28,457,403,19,2,1,11,2,11,43,16,0,90,142,25,41
147,2021-03-29,444,386,53,1,4,20,1,20,82,7,0,70,69,23,36
148,2021-03-30,388,338,40,4,4,11,3,17,60,13,0,71,62,16,37
149,2021-03-31,474,409,59,5,1,24,5,12,85,8,3,62,96,18,31
150,2021-04-01,573,500,58,4,0,18,2,14,104,17,0,86,113,40,44
151,2021-04-02,452,402,50,0,1,14,0,19,71,25,0,94,92,11,25
152,2021-04-03,425,363,57,2,0,14,2,12,42,26,0,91,83,9,25
153,2021-04-04,405,352,22,4,0,11,2,15,37,23,0,80,122,14,22
154,2021-04-05,489,424,32,6,0,9,1,12,58,10,0,111,143,20,22
155,2021-04-06,412,358,36,1,0,19,1,10,53,16,0,84,82,22,34
156,2021-04-07,453,400,35,2,0,17,2,13,54,17,3,76,103,25,53
157,2021-04-08,535,471,36,2,2,10,4,4,72,24,2,136,120,25,34
158,2021-04-09,543,491,39,1,0,9,4,16,77,19,2,107,153,20,44
159,2021-04-10,487,433,34,1,0,9,2,10,54,16,1,92,153,24,37
160,2021-04-11,517,452,19,2,1,9,2,7,48,11,1,116,172,23,41
161,2021-04-12,575,523,15,4,1,7,0,17,53,22,3,171,185,23,22
162,2021-04-13,608,541,29,3,0,10,3,20,64,23,2,157,189,11,30
163,2021-04-14,621,545,27,2,4,6,1,24,67,12,3,148,200,20,31
164,2021-04-15,565,495,29,4,2,2,1,10,67,4,2,158,154,25,37
165,2021-04-16,495,430,40,4,1,10,0,24,61,22,0,110,112,14,32
166,2021-04-17,578,459,58,3,1,16,3,6,76,17,0,82,95,13,89
167,2021-04-18,375,329,48,1,2,28,2,11,38,14,0,45,103,9,28
168,2021-04-19,477,393,37,3,0,14,3,12,70,23,1,77,88,16,49
169,2021-04-20,549,451,56,0,3,22,0,3,85,28,1,78,93,29,53
170,2021-04-21,537,461,54,5,2,34,3,21,66,21,3,96,103,21,32
171,2021-04-22,467,400,55,1,0,11,2,19,73,14,0,82,81,11,51
172,2021-04-23,482,406,47,1,3,11,1,17,73,17,1,83,114,12,26
173,2021-04-24,431,346,40,5,0,12,3,13,48,15,3,55,91,18,43
174,2021-04-25,436,381,32,5,0,5,4,14,37,13,0,87,135,20,29
175,2021-04-26,441,367,48,5,1,18,3,14,41,19,2,83,86,15,32
176,2021-04-27,516,457,37,2,4,5,2,12,72,9,1,105,156,16,36
177,2021-04-28,388,327,34,2,3,14,0,7,62,4,3,65,83,18,32
178,2021-04-29,453,392,65,2,2,23,1,8,83,15,1,62,85,12,33
179,2021-04-30,362,319,63,4,2,17,1,16,64,23,1,52,40,8,28
180,2021-05-01,352,304,55,3,1,24,0,12,51,13,1,50,53,14,27
181,2021-05-02,362,310,55,5,0,23,2,11,47,10,1,43,71,22,20
182,2021-05-03,428,373,51,2,3,26,1,12,67,18,1,76,61,20,35
183,2021-05-04,500,451,49,7,2,21,2,12,71,13,3,91,125,25,30
184,2021-05-05,433,394,105,2,5,23,1,19,78,11,1,50,46,21,32
185,2021-05-06,489,435,82,1,1,25,3,15,80,11,0,66,57,22,72
186,2021-05-07,447,395,69,1,2,22,1,18,82,15,2,64,63,10,46
187,2021-05-08,419,368,57,5,1,10,3,10,62,26,2,53,79,12,48
188,2021-05-09,365,321,76,2,0,23,0,11,59,17,0,31,43,19,40
189,2021-05-10,391,346,79,2,2,37,3,21,77,12,2,21,30,19,41
190,2021-05-11,393,354,87,0,1,35,1,16,89,11,0,22,31,11,50
191,2021-05-12,341,311,70,2,1,35,2,11,74,11,2,24,38,10,31
192,2021-05-13,384,342,60,5,2,34,2,11,73,12,1,27,44,23,48
193,2021-05-14,393,324,57,2,0,20,2,19,68,29,1,41,35,12,38
194,2021-05-15,335,277,59,4,1,27,6,16,47,9,0,35,33,14,26
195,2021-05-16,339,289,48,3,0,26,3,25,58,22,0,16,40,7,41
196,2021-05-17,362,317,52,5,2,30,4,13,62,12,5,26,38,31,37
197,2021-05-18,400,338,77,2,3,26,1,26,80,7,2,17,35,11,51
198,2021-05-19,394,333,71,2,2,24,3,15,67,16,0,50,43,11,29
199,2021-05-20,403,334,56,1,1,45,1,23,68,17,0,23,45,22,32
200,2021-05-21,351,295,61,3,1,30,1,16,68,15,1,17,39,18,25
201,2021-05-22,340,268,53,3,0,39,2,9,42,11,0,29,41,8,31
202,2021-05-23,355,299,47,2,0,28,1,13,49,13,1,27,57,17,44
203,2021-05-24,347,279,55,1,0,10,2,12,67,8,1,24,58,7,34
204,2021-05-25,400,339,59,7,2,39,2,31,61,19,2,18,39,16,44
205,2021-05-26,388,329,71,2,0,37,2,14,81,14,2,23,36,7,40
206,2021-05-27,445,385,67,0,2,47,1,17,95,8,2,27,36,14,69
207,2021-05-28,478,416,77,2,2,40,2,13,66,24,0,58,78,15,39
208,2021-05-29,350,292,58,1,0,13,2,12,49,18,0,51,44,14,30
209,2021-05-30,321,260,56,1,1,22,8,12,51,15,2,22,38,7,25
210,2021-05-31,335,264,68,4,4,23,6,11,53,7,1,20,22,11,34
211,2021-06-01,357,294,77,5,2,30,3,14,65,11,2,16,25,16,28
212,2021-06-02,431,358,87,3,3,39,0,13,86,11,0,31,39,7,39
213,2021-06-03,395,326,78,3,4,21,9,15,85,17,2,25,22,15,30
214,2021-06-04,350,293,75,2,2,21,3,9,72,16,1,24,27,12,29
215,2021-06-05,291,255,78,0,1,19,7,14,49,10,0,20,17,3,37
216,2021-06-06,308,262,72,1,0,27,1,18,36,15,0,5,8,25,54
217,2021-06-07,405,341,109,3,3,32,2,14,65,10,5,17,33,10,38
218,2021-06-08,436,379,95,2,3,37,1,26,74,17,0,19,40,19,46
219,2021-06-09,448,382,85,2,2,35,1,17,71,17,0,35,46,25,46
220,2021-06-10,487,432,88,5,1,35,2,13,82,16,1,36,52,27,74
221,2021-06-11,341,285,60,2,2,18,1,12,58,17,1,26,36,18,34
222,2021-06-12,328,259,76,2,0,16,2,12,50,17,1,17,24,21,21
223,2021-06-13,377,313,70,4,0,38,2,8,60,10,1,17,46,10,47
224,2021-06-14,504,427,76,3,1,51,3,17,73,26,1,42,49,30,55
225,2021-06-15,430,332,71,1,3,37,0,29,71,14,1,34,24,11,36
226,2021-06-16,372,318,89,5,0,35,3,21,60,9,0,18,31,12,35
227,2021-06-17,322,256,66,3,1,24,1,15,63,5,0,10,20,14,34
228,2021-06-18,335,286,74,3,2,25,3,17,67,14,0,5,17,18,41
229,2021-06-19,367,278,49,0,1,26,2,5,40,9,1,24,28,27,66
230,2021-06-20,355,221,47,0,1,26,0,0,37,17,1,17,33,13,29
231,2021-06-21,391,271,57,2,4,49,0,5,45,15,3,10,28,21,32
232,2021-06-22,421,329,74,3,3,62,2,9,75,10,1,7,19,14,50
233,2021-06-23,436,304,78,2,0,38,1,7,53,22,0,12,24,19,48
234,2021-06-24,355,295,88,1,3,32,0,8,66,15,1,10,20,18,33
235,2021-06-25,360,290,84,6,1,23,3,1,73,25,4,15,24,13,18
236,2021-06-26,342,272,55,0,2,35,1,4,43,8,1,31,50,17,25
237,2021-06-27,290,238,57,0,0,33,0,5,51,15,0,9,17,21,30
238,2021-06-28,386,308,63,2,2,34,1,1,92,11,0,7,21,19,55
239,2021-06-29,412,317,58,0,1,62,0,7,75,11,4,18,24,18,39
240,2021-06-30,405,307,56,1,1,35,2,5,80,11,1,29,33,8,45
241,2021-07-01,271,212,61,1,1,16,0,3,48,12,1,20,24,9,16
242,2021-07-02,320,270,83,0,3,21,1,6,59,14,2,14,33,10,24
243,2021-07-03,292,225,56,0,0,32,0,2,53,11,0,13,30,8,20
244,2021-07-04,276,194,66,2,1,30,0,1,39,7,0,9,13,10,16
245,2021-07-05,366,269,70,5,1,50,0,6,72,5,2,17,13,10,18
246,2021-07-06,402,299,78,2,2,37,2,1,61,10,1,21,34,18,32
247,2021-07-07,416,318,83,1,1,54,0,4,68,23,3,15,27,15,24
248,2021-07-08,478,361,86,2,1,51,1,5,88,11,0,23,36,17,40
249,2021-07-09,377,313,74,5,2,31,0,6,86,15,2,27,31,12,22
250,2021-07-10,295,245,58,0,2,44,0,6,54,15,0,14,28,4,20
251,2021-07-11,363,292,72,1,2,37,0,6,61,11,1,34,28,8,31
252,2021-07-12,462,370,75,2,0,45,1,9,88,11,3,39,35,21,41
253,2021-07-13,444,346,79,0,1,36,1,4,99,10,0,29,24,20,43
254,2021-07-14,497,370,72,2,0,67,1,3,69,13,0,36,33,23,51
255,2021-07-15,451,345,61,3,2,37,1,6,74,11,0,41,36,29,44
256,2021-07-16,444,346,74,1,6,37,1,1,76,23,1,27,47,24,28
257,2021-07-17,451,320,68,5,0,47,2,4,51,9,0,37,56,11,30
258,2021-07-18,381,280,60,3,1,36,0,2,44,10,1,29,37,10,47
259,2021-07-19,440,325,64,2,7,58,0,3,81,17,2,18,30,8,35
260,2021-07-20,494,397,69,3,3,64,1,7,83,15,3,29,51,18,51
261,2021-07-21,550,419,78,1,6,62,1,7,89,21,4,21,51,30,48
262,2021-07-22,533,409,68,7,4,53,2,3,73,20,0,49,77,10,43
263,2021-07-23,430,342,66,2,2,35,0,8,81,12,4,46,27,22,37
264,2021-07-24,462,362,51,4,2,38,0,8,65,25,2,67,56,19,25
265,2021-07-25,387,289,45,2,1,41,0,3,49,21,1,59,30,10,27
266,2021-07-26,495,392,57,3,6,55,2,1,95,12,2,44,52,32,31
267,2021-07-27,561,468,67,1,4,71,2,8,81,21,0,63,78,29,43
268,2021-07-28,517,432,73,5,6,59,0,6,71,27,1,43,61,29,51
269,2021-07-29,533,433,81,1,4,52,1,6,102,9,1,47,41,31,57
270,2021-07-30,363,300,68,6,3,29,1,8,67,14,2,27,21,24,30
271,2021-07-31,336,281,69,3,0,28,1,8,63,11,3,23,29,16,27
272,2021-08-01,366,267,63,1,0,31,0,2,72,6,1,29,20,20,22
273,2021-08-02,414,328,67,1,1,28,3,6,78,4,1,43,46,24,26
274,2021-08-03,350,248,60,0,3,39,0,3,62,8,0,15,19,19,20
275,2021-08-04,483,407,86,2,2,40,1,10,112,18,2,26,24,43,41
276,2021-08-05,448,377,84,2,2,33,0,9,94,15,0,28,36,36,38
277,2021-08-06,356,303,73,3,2,29,0,5,75,21,3,21,26,17,28
278,2021-08-07,335,278,61,1,0,29,2,3,43,15,1,30,46,17,30
279,2021-08-08,358,291,50,3,1,48,0,6,40,12,2,30,37,25,37
280,2021-08-09,489,396,81,3,4,51,0,8,83,18,0,45,41,29,33
281,2021-08-10,407,337,79,2,2,45,1,1,89,12,1,32,17,15,41
282,2021-08-11,429,341,70,3,3,36,0,7,94,13,1,37,28,24,25
283,2021-08-12,458,357,64,1,6,52,1,9,69,31,4,32,30,29,29
284,2021-08-13,441,352,64,1,3,32,1,5,72,22,1,31,66,28,26
285,2021-08-14,340,257,46,4,1,30,1,3,55,9,0,32,40,25,11
286,2021-08-15,299,211,40,2,1,35,0,3,31,16,1,32,24,6,20
287,2021-08-16,446,344,53,3,3,23,2,8,75,16,7,44,55,24,31
288,2021-08-17,456,372,73,1,4,59,1,5,63,18,1,40,47,18,42
289,2021-08-18,534,459,74,2,2,65,3,12,66,23,2,33,57,24,96
290,2021-08-19,428,368,59,2,2,50,1,7,74,26,0,28,54,16,49
291,2021-08-20,370,327,72,2,2,43,1,11,81,16,1,27,32,10,29
292,2021-08-21,334,260,43,4,1,48,2,7,50,12,1,21,28,10,33
293,2021-08-22,352,277,51,2,0,41,2,4,46,13,2,33,41,12,30
294,2021-08-23,508,408,66,0,3,56,1,2,68,19,0,38,52,57,46
295,2021-08-24,515,420,59,3,2,62,4,6,80,27,2,41,60,25,49
296,2021-08-25,422,350,70,1,4,60,1,5,73,20,0,30,38,17,31
297,2021-08-26,533,425,64,0,3,59,2,6,103,25,0,28,65,26,44
298,2021-08-27,434,382,61,9,0,61,2,5,81,20,1,41,70,16,15
299,2021-08-28,429,378,59,1,0,46,1,6,62,14,1,65,66,17,40
300,2021-08-29,405,326,50,2,0,41,0,2,53,12,0,60,52,16,38
301,2021-08-30,429,358,59,2,3,39,0,4,84,14,0,53,45,22,33
302,2021-08-31,444,382,93,1,4,56,0,8,64,22,1,42,47,14,30
303,2021-09-01,457,391,76,0,0,45,0,8,59,20,4,51,68,30,30
304,2021-09-02,438,372,71,0,4,36,0,5,65,22,0,55,64,18,32
305,2021-09-03,330,285,58,3,1,24,3,4,53,15,4,27,54,15,24
306,2021-09-04,301,256,56,1,0,34,0,5,50,9,1,35,41,12,12
307,2021-09-05,410,350,46,4,1,30,0,6,51,9,2,106,35,17,43
308,2021-09-06,406,351,59,2,0,27,2,1,42,5,5,99,75,12,22
309,2021-09-07,425,343,69,2,0,35,0,4,47,5,0,61,54,24,42
310,2021-09-08,464,401,77,4,3,51,0,8,81,17,2,46,60,20,32
311,2021-09-09,490,425,74,0,1,50,0,9,101,15,1,72,48,23,31
312,2021-09-10,453,363,64,3,1,33,5,7,94,13,3,40,55,18,27
313,2021-09-11,394,333,51,2,0,45,0,9,63,12,2,57,43,20,29
314,2021-09-12,415,355,30,1,0,21,0,4,41,12,1,121,70,13,41
315,2021-09-13,444,368,69,1,0,50,1,7,67,6,0,68,45,14,40
316,2021-09-14,443,390,65,0,3,55,2,11,62,12,3,70,54,20,33
317,2021-09-15,418,367,85,1,0,43,0,8,83,10,1,46,41,18,31
318,2021-09-16,379,302,50,2,0,42,1,5,67,15,2,36,34,12,36
319,2021-09-17,376,317,52,3,0,43,1,9,76,12,3,43,50,10,15
320,2021-09-18,407,344,53,3,0,17,2,6,47,11,11,87,59,15,33
321,2021-09-19,387,334,33,1,0,14,0,2,43,8,3,97,105,5,23
322,2021-09-20,451,387,54,1,2,29,0,6,70,8,1,83,59,31,43
323,2021-09-21,543,459,75,4,2,57,2,14,81,8,0,85,59,26,46
324,2021-09-22,594,488,91,1,1,47,4,4,68,15,2,66,61,42,86
325,2021-09-23,470,407,65,1,1,68,5,2,70,12,0,51,44,34,54
326,2021-09-24,441,373,58,2,3,39,1,6,72,13,4,85,51,15,24
327,2021-09-25,363,312,45,0,1,36,1,4,44,14,5,71,61,18,12
328,2021-09-26,362,299,45,0,1,22,0,6,45,12,2,72,45,9,40
329,2021-09-27,368,323,54,2,0,36,4,4,61,8,8,47,47,23,29
330,2021-09-28,402,338,61,1,3,42,2,9,58,9,6,47,45,18,37
331,2021-09-29,376,312,63,0,0,32,3,5,56,9,0,35,31,38,40
332,2021-09-30,408,326,68,1,2,40,0,10,55,9,5,35,64,16,21
333,2021-10-01,404,328,63,2,0,39,3,8,64,15,6,20,65,27,16
334,2021-10-02,334,263,55,2,0,45,1,4,42,8,2,40,39,14,11
335,2021-10-03,365,300,52,0,0,41,0,3,50,12,2,47,53,5,35
336,2021-10-04,381,314,61,1,2,21,0,7,52,7,4,60,52,18,29
337,2021-10-05,422,374,85,1,1,59,1,5,85,18,1,42,36,18,22
338,2021-10-06,437,387,92,3,1,58,0,9,73,4,2,51,31,22,41
339,2021-10-07,435,367,90,1,4,48,1,7,59,15,2,57,39,12,32
340,2021-10-08,440,371,63,1,0,44,2,3,87,22,6,64,50,14,15
341,2021-10-09,429,373,69,4,0,38,2,8,56,18,2,77,63,19,17
342,2021-10-10,374,284,43,2,1,41,3,6,37,12,2,74,28,11,24
343,2021-10-11,414,360,58,2,0,36,1,7,80,10,3,66,54,24,19
344,2021-10-12,374,307,64,2,0,38,0,11,57,6,0,47,41,18,23
345,2021-10-13,472,406,82,3,2,65,0,8,70,14,3,48,51,17,43
346,2021-10-14,474,412,71,2,0,63,0,6,78,12,2,52,72,20,34
347,2021-10-15,433,382,74,3,0,44,4,10,66,12,8,58,62,25,16
348,2021-10-16,421,374,52,7,0,31,2,11,71,28,2,74,56,21,19
349,2021-10-17,388,344,50,0,0,34,0,6,51,17,9,78,65,15,19
350,2021-10-18,444,356,51,2,1,38,1,6,56,10,8,93,47,23,20
351,2021-10-19,455,368,55,1,2,47,1,7,66,18,4,67,63,14,23
352,2021-10-20,488,399,55,4,1,57,1,13,82,10,0,55,64,24,33
353,2021-10-21,403,330,66,3,2,38,0,9,69,17,4,38,36,19,29
354,2021-10-22,395,315,67,0,1,31,0,7,66,11,6,64,46,6,10
355,2021-10-23,462,393,49,3,0,47,2,6,62,17,3,78,95,10,21
356,2021-10-24,392,346,46,3,0,31,1,2,39,21,2,89,69,14,29
357,2021-10-25,453,393,66,2,5,27,0,6,66,11,13,95,43,22,37
358,2021-10-26,506,461,65,1,1,25,1,10,77,17,3,141,83,21,16
359,2021-10-27,447,378,74,0,1,47,0,3,66,22,3,60,52,23,27
360,2021-10-28,437,361,70,1,0,26,1,1,35,13,2,97,64,22,29
361,2021-10-29,454,390,69,1,0,42,1,9,75,21,6,66,59,17,24
362,2021-10-30,418,370,62,3,0,39,0,8,53,19,9,73,72,15,17
363,2021-10-31,345,299,43,0,0,31,0,5,31,13,4,62,59,24,27
364,2021-11-01,362,306,58,2,1,29,2,4,36,8,5,59,62,13,27
365,2021-11-02,433,367,78,4,4,32,0,13,35,12,11,70,54,26,28
366,2021-11-03,501,433,91,3,4,52,0,7,78,16,5,66,61,22,28
367,2021-11-04,538,463,85,2,1,31,3,12,62,18,7,90,68,34,50
368,2021-11-05,376,285,54,4,1,36,0,4,51,7,5,42,48,14,19
369,2021-11-06,336,268,51,0,0,37,0,2,35,14,5,39,31,15,39
370,2021-11-07,373,317,55,2,1,32,1,5,35,6,12,81,42,18,27
371,2021-11-08,427,361,68,0,1,36,0,11,74,13,5,67,38,21,27
372,2021-11-09,469,395,62,0,3,35,0,8,64,11,6,94,61,25,26
373,2021-11-10,367,296,56,0,1,37,0,2,51,9,15,54,32,24,15
374,2021-11-11,478,379,52,0,0,41,4,6,51,20,18,100,44,20,23
375,2021-11-12,374,309,55,1,3,38,1,2,57,6,5,55,50,14,22
376,2021-11-13,408,326,55,2,0,29,1,3,63,7,6,67,63,13,17
377,2021-11-14,367,300,36,2,1,17,1,4,49,7,8,67,62,20,26
378,2021-11-15,277,244,52,0,2,16,0,4,38,7,9,58,24,19,15
379,2021-11-16,385,331,76,2,1,18,3,3,58,10,6,77,32,32,13
380,2021-11-17,357,287,55,0,1,21,0,7,44,16,3,71,45,15,9
381,2021-11-18,435,365,58,1,2,36,1,8,67,12,4,76,43,24,33
382,2021-11-19,348,279,52,2,1,17,1,7,42,13,8,71,31,20,14
383,2021-11-20,377,293,32,4,0,21,2,11,32,14,4,84,62,17,10
384,2021-11-21,336,289,37,2,0,17,0,2,61,1,6,75,54,17,17
385,2021-11-22,371,315,44,0,1,20,1,3,73,4,4,60,55,27,23
386,2021-11-23,472,381,53,2,1,34,0,9,55,9,5,93,67,26,27
387,2021-11-24,390,302,45,0,0,22,1,8,69,10,2,55,49,21,20
388,2021-11-25,411,321,56,3,1,21,0,1,44,7,1,87,43,30,27
389,2021-11-26,384,322,58,3,0,27,0,7,52,4,7,64,57,31,12
390,2021-11-27,330,286,50,0,0,17,1,10,60,8,2,56,42,18,22
391,2021-11-28,390,329,37,1,0,20,2,5,53,5,4,73,77,29,23
392,2021-11-29,338,281,61,4,1,21,0,2,52,5,11,52,37,21,14
393,2021-11-30,411,360,68,1,1,34,2,5,45,17,9,72,77,11,18
394,2021-12-01,443,335,71,2,3,39,2,8,70,7,8,54,34,19,18
395,2021-12-02,422,362,59,1,3,33,1,9,52,4,2,86,71,16,25
396,2021-12-03,344,278,47,1,1,29,2,3,46,9,8,46,45,33,8
397,2021-12-04,450,375,38,2,0,18,3,8,46,10,1,113,89,30,17
398,2021-12-05,433,353,32,2,0,17,1,3,39,1,8,95,100,28,27
399,2021-12-06,480,410,89,2,1,25,0,0,60,0,14,86,66,28,39
400,2021-12-07,456,376,98,4,3,41,0,7,77,6,11,35,40,27,27
401,2021-12-08,424,345,82,0,3,33,0,8,79,6,10,42,40,12,30
402,2021-12-09,467,376,56,0,1,18,1,3,65,3,8,113,66,18,24
403,2021-12-10,388,321,43,5,0,21,1,3,48,3,9,78,70,28,12
404,2021-12-11,427,355,34,1,0,13,5,5,59,5,4,111,83,22,13
405,2021-12-12,492,451,35,3,0,10,2,12,63,3,1,147,125,24,26
406,2021-12-13,422,366,58,5,2,23,0,4,52,4,12,85,52,36,33
407,2021-12-14,474,403,68,3,4,23,0,5,53,14,6,102,77,22,26
408,2021-12-15,515,434,61,3,1,24,2,6,55,12,10,120,85,27,28
409,2021-12-16,359,319,57,3,0,21,0,6,38,8,3,71,59,36,17
410,2021-12-17,346,265,44,0,5,18,2,1,38,6,9,61,43,25,13
411,2021-12-18,359,271,42,0,1,25,0,5,24,11,1,77,54,18,13
412,2021-12-19,379,318,49,2,0,19,1,0,57,4,5,95,51,19,16
413,2021-12-20,381,333,53,1,0,21,1,6,52,9,10,77,60,21,22
414,2021-12-21,362,295,58,0,0,21,0,3,45,8,2,64,44,17,33
415,2021-12-22,367,298,39,0,1,13,0,4,60,10,9,76,52,22,12
416,2021-12-23,354,279,45,1,1,19,0,1,41,16,3,63,43,18,28
417,2021-12-24,325,266,34,1,1,14,0,6,37,15,7,67,41,20,23
418,2021-12-25,376,295,28,0,0,7,1,5,40,21,8,71,75,15,24
419,2021-12-26,449,397,26,6,0,12,2,7,42,16,12,131,94,24,25
420,2021-12-27,345,309,33,1,1,7,1,10,45,6,13,100,59,19,14
421,2021-12-28,323,271,41,1,0,19,0,2,29,11,13,57,44,22,32
422,2021-12-29,341,280,46,2,0,15,0,5,46,5,5,58,58,20,20
423,2021-12-30,282,225,41,1,1,12,0,6,34,10,10,46,36,17,11
424,2021-12-31,262,210,37,0,0,13,3,1,26,9,8,34,52,13,14
425,2022-01-01,324,273,26,0,0,12,2,5,28,15,3,79,62,20,21
426,2022-01-02,306,254,29,2,0,10,4,3,28,10,3,81,55,16,13
427,2022-01-03,338,303,48,0,0,31,1,3,43,4,10,70,53,28,12
428,2022-01-04,479,401,43,3,1,18,2,5,48,15,20,95,98,29,24
429,2022-01-05,459,362,37,4,1,13,0,1,42,8,18,101,76,30,31
430,2022-01-06,431,365,41,1,0,8,1,4,41,9,16,86,114,34,10
431,2022-01-07,393,335,67,0,0,16,1,1,40,9,9,62,75,27,28
432,2022-01-08,393,348,73,0,0,33,0,4,64,12,14,25,83,20,20
433,2022-01-09,388,342,38,1,0,19,1,2,54,15,9,71,78,25,29
434,2022-01-10,354,295,62,1,1,31,1,6,50,10,19,40,44,18,12
435,2022-01-11,495,429,47,1,4,23,0,6,70,12,19,96,84,32,35
436,2022-01-12,407,318,27,1,1,15,0,4,44,3,14,92,71,25,21
437,2022-01-13,518,419,22,1,2,12,1,4,46,10,12,135,109,40,25
438,2022-01-14,382,316,75,2,0,19,0,2,49,10,12,64,50,12,21
439,2022-01-15,384,313,68,0,3,34,4,3,63,11,20,26,53,15,13
440,2022-01-16,386,317,26,1,0,15,3,0,52,3,19,100,63,19,16
441,2022-01-17,261,223,46,1,1,19,1,4,24,10,12,30,35,24,16
442,2022-01-18,462,378,52,0,2,28,2,4,76,11,15,68,72,17,31
443,2022-01-19,495,407,70,4,3,31,0,9,70,10,11,67,67,41,24
444,2022-01-20,492,394,46,3,4,25,0,10,82,10,14,77,83,22,18
445,2022-01-21,384,312,53,2,1,30,0,13,50,15,9,45,57,17,20
446,2022-01-22,307,252,40,0,0,29,0,5,29,12,5,32,62,21,17
447,2022-01-23,297,239,31,1,0,23,0,7,38,7,8,43,47,18,16
448,2022-01-24,458,380,46,3,2,25,0,5,56,17,11,83,71,41,20
449,2022-01-25,520,455,40,4,2,24,0,8,71,9,14,114,121,21,27
450,2022-01-26,437,408,49,5,1,27,2,4,51,14,21,107,91,16,20
451,2022-01-27,510,409,37,2,3,18,3,8,59,18,9,118,77,23,34
452,2022-01-28,463,382,71,0,2,21,3,3,54,11,13,77,82,22,23
453,2022-01-29,383,313,61,0,0,21,1,2,49,18,7,55,53,16,30
454,2022-01-30,383,277,53,3,0,17,0,5,50,16,11,42,45,15,20
455,2022-01-31,458,377,82,0,2,30,1,5,57,10,36,65,43,17,29
456,2022-02-01,497,398,69,0,1,28,3,8,85,11,24,70,65,12,22
457,2022-02-02,537,450,93,2,4,44,0,7,70,12,24,61,77,27,29
458,2022-02-03,630,519,109,3,2,49,0,13,88,22,18,70,71,27,47
459,2022-02-04,513,425,78,1,4,23,1,6,80,22,19,67,78,23,23
460,2022-02-05,373,317,60,2,0,35,0,3,58,14,8,26,71,11,29
461,2022-02-06,407,316,36,0,0,27,6,5,44,8,10,62,70,18,30
462,2022-02-07,544,452,56,1,4,21,4,12,78,6,18,132,68,26,26
463,2022-02-08,500,409,62,2,3,28,0,6,65,12,20,80,96,16,19
464,2022-02-09,621,498,37,1,5,13,3,6,76,11,36,143,128,11,28
465,2022-02-10,569,436,48,5,5,37,2,6,70,13,20,107,82,12,29
466,2022-02-11,473,344,57,0,2,20,2,1,54,11,16,65,82,25,9
467,2022-02-12,379,281,63,1,0,24,0,5,54,9,9,31,47,9,29
468,2022-02-13,399,310,56,1,0,19,1,5,79,9,9,55,35,12,29
469,2022-02-14,575,463,67,3,2,26,3,11,80,24,18,108,88,11,22
470,2022-02-15,548,447,67,2,2,43,3,7,66,18,12,75,102,13,37
471,2022-02-16,569,436,66,0,5,39,2,11,66,14,17,89,85,8,34
472,2022-02-17,669,528,82,2,3,56,3,9,85,17,14,106,89,21,41
473,2022-02-18,542,451,47,1,7,29,1,3,69,19,13,119,93,26,24
474,2022-02-19,501,403,50,3,0,26,2,5,46,12,11,106,93,19,30
475,2022-02-20,427,347,35,1,0,19,0,4,55,5,6,124,67,14,17
476,2022-02-21,496,413,52,0,3,36,3,5,70,16,10,94,68,17,39
477,2022-02-22,485,397,56,2,3,28,1,5,47,16,23,82,81,23,30
478,2022-02-23,546,432,67,0,2,30,4,10,73,11,9,95,82,14,35
479,2022-02-24,580,455,58,2,4,37,1,4,77,21,18,102,76,22,33
480,2022-02-25,482,399,57,5,4,23,4,1,48,6,11,93,85,24,38
481,2022-02-26,481,395,45,5,1,30,0,8,43,25,12,71,90,18,47
482,2022-02-27,410,322,51,0,0,28,2,6,51,12,6,67,54,18,27
483,2022-02-28,494,402,48,3,7,31,0,6,57,5,23,106,65,20,31
484,2022-03-01,583,463,63,1,4,20,4,8,66,16,22,105,96,28,30
485,2022-03-02,606,502,68,3,5,36,3,9,62,15,19,89,115,36,42
486,2022-03-03,591,446,52,2,1,17,1,9,69,20,16,102,90,33,34
487,2022-03-04,469,365,56,1,4,28,2,9,51,14,15,70,66,22,27
488,2022-03-05,479,348,55,0,0,47,1,3,42,14,12,49,74,21,30
489,2022-03-06,535,439,44,1,0,33,0,5,40,16,17,128,64,36,55
490,2022-03-07,521,425,30,0,1,15,2,4,56,6,20,174,63,23,31
491,2022-03-08,677,563,41,3,2,21,2,4,72,13,21,181,120,36,47
492,2022-03-09,668,596,73,0,1,23,1,4,81,9,20,169,128,35,52
493,2022-03-10,554,461,61,3,3,24,2,4,76,7,12,122,96,18,33
494,2022-03-11,491,407,94,1,3,34,1,4,63,13,9,69,69,15,32
495,2022-03-12,417,353,81,1,0,42,0,1,67,7,1,40,69,19,25
496,2022-03-13,409,311,53,2,0,34,2,1,41,7,5,70,49,15,32
497,2022-03-14,433,349,54,2,2,24,1,4,55,4,17,92,43,23,28
498,2022-03-15,498,404,27,1,2,9,1,3,61,5,9,133,93,24,36
499,2022-03-16,602,490,43,0,6,19,0,2,56,4,12,173,115,25,35
500,2022-03-17,561,442,43,0,4,24,1,4,52,9,10,130,120,20,25
501,2022-03-18,514,406,53,2,0,23,0,0,49,15,18,107,83,37,19
502,2022-03-19,452,383,31,0,0,26,0,0,41,8,9,109,114,29,16
503,2022-03-20,476,374,24,4,0,13,0,9,47,2,12,125,102,17,19
504,2022-03-21,501,406,46,4,2,18,2,2,64,6,15,121,75,26,25
505,2022-03-22,533,432,42,0,1,15,1,4,54,4,9,162,85,26,29
506,2022-03-23,508,429,43,3,3,19,0,3,77,7,8,148,76,25,17
507,2022-03-24,607,473,39,4,0,9,1,5,81,5,10,154,122,20,23
508,2022-03-25,500,382,45,2,1,17,1,3,42,7,11,114,103,17,19
509,2022-03-26,464,365,43,0,0,19,1,5,55,4,4,75,103,28,28
510,2022-03-27,487,367,47,3,0,17,1,5,30,5,10,138,62,28,21
511,2022-03-28,451,346,29,0,2,17,1,3,49,4,18,126,47,20,30
512,2022-03-29,491,421,43,1,0,18,1,6,74,4,17,118,72,28,39
513,2022-03-30,533,428,31,4,3,11,0,0,71,4,7,138,98,36,25
514,2022-03-31,539,444,31,0,1,22,0,4,44,5,19,153,123,18,24
515,2022-04-01,382,308,36,1,1,15,0,4,30,4,30,77,66,26,18
516,2022-04-02,433,356,62,0,0,22,3,4,40,8,12,87,84,17,17
517,2022-04-03,427,333,57,1,0,22,2,5,37,13,10,89,65,10,22
518,2022-04-04,438,358,45,1,2,20,0,4,52,5,27,106,55,19,22
519,2022-04-05,403,334,44,3,0,9,2,4,38,5,9,110,78,14,18
520,2022-04-06,406,346,58,1,1,33,0,5,38,4,11,91,58,23,23
521,2022-04-07,455,389,41,2,3,25,2,6,44,19,7,103,77,36,24
522,2022-04-08,335,267,25,1,1,15,0,1,30,9,11,74,51,25,24
523,2022-04-09,404,347,44,1,0,14,0,3,27,16,9,111,65,26,31
524,2022-04-10,454,358,40,1,1,20,0,3,37,6,20,132,58,17,23
525,2022-04-11,433,358,35,2,3,13,0,10,39,7,15,129,53,26,26
526,2022-04-12,434,363,37,2,0,12,0,9,38,5,15,123,67,26,29
527,2022-04-13,471,383,41,0,0,19,1,3,57,9,16,97,80,36,24
528,2022-04-14,571,490,28,2,1,29,1,10,75,8,16,150,118,27,25
529,2022-04-15,524,453,30,3,1,29,1,4,50,14,11,142,112,27,29
530,2022-04-16,411,351,27,1,0,26,0,5,53,4,9,107,93,20,6
531,2022-04-17,416,363,33,1,1,36,2,2,40,10,11,114,58,29,26
532,2022-04-18,479,393,21,2,0,9,1,2,46,9,18,178,51,25,31
533,2022-04-19,327,263,38,0,1,6,0,2,35,7,17,88,35,15,19
534,2022-04-20,528,449,26,1,1,13,1,3,52,16,8,177,107,19,25
535,2022-04-21,454,381,28,0,2,9,2,3,47,8,20,144,65,23,30
536,2022-04-22,407,355,33,1,0,8,0,5,47,17,16,119,63,22,24
537,2022-04-23,440,381,29,2,1,24,1,2,37,13,9,120,90,36,17
538,2022-04-24,352,302,33,0,0,7,0,3,30,12,9,97,56,20,35
539,2022-04-25,395,329,31,3,2,14,0,4,48,7,22,118,39,23,18
540,2022-04-26,508,443,35,1,1,11,1,4,73,2,8,142,103,35,27
541,2022-04-27,455,383,45,0,2,25,0,8,70,12,17,94,54,38,18
542,2022-04-28,398,335,46,3,0,23,0,7,45,6,25,86,45,23,26
543,2022-04-29,373,321,19,1,2,11,0,4,34,5,17,98,79,33,18
544,2022-04-30,439,348,22,0,0,11,0,6,27,3,22,106,106,24,21
545,2022-05-01,469,371,30,1,0,7,0,3,34,4,21,140,79,30,22
546,2022-05-02,389,337,39,2,1,9,0,4,45,1,14,117,57,30,18
547,2022-05-03,437,392,36,0,1,11,0,7,43,7,13,150,59,40,25
548,2022-05-04,493,427,39,0,2,16,1,2,41,13,28,137,86,36,26
549,2022-05-05,498,419,38,4,4,12,2,5,40,7,21,146,94,36,10
550,2022-05-06,427,359,39,0,1,18,0,3,28,13,27,109,65,34,22
551,2022-05-07,472,365,39,3,0,15,0,3,31,6,7,145,44,41,31
552,2022-05-08,522,409,27,1,1,14,0,3,37,4,13,191,62,28,28
553,2022-05-09,420,352,28,1,1,13,0,2,37,4,24,138,57,33,14
554,2022-05-10,492,431,38,1,3,12,0,5,37,11,22,151,93,33,25
555,2022-05-11,560,489,31,4,2,7,0,1,52,22,20,179,121,21,29
556,2022-05-12,447,360,39,2,1,13,0,5,43,7,22,113,78,19,18
557,2022-05-13,454,371,29,1,1,15,0,2,32,5,23,141,82,26,14
558,2022-05-14,488,397,18,0,0,2,1,3,46,12,8,168,98,19,22
559,2022-05-15,552,448,23,2,0,9,0,2,38,7,19,219,92,22,15
560,2022-05-16,558,470,27,1,4,11,0,6,25,6,24,209,103,36,18
561,2022-05-17,448,404,33,2,1,9,1,5,37,6,19,130,101,30,30
562,2022-05-18,468,408,45,0,1,19,0,3,45,9,11,134,89,28,24
563,2022-05-19,493,436,31,0,1,6,0,2,44,12,13,169,94,22,42
564,2022-05-20,447,363,36,3,0,8,1,4,31,17,9,106,96,37,15
565,2022-05-21,397,321,26,2,0,8,0,2,46,11,12,89,91,24,10
566,2022-05-22,512,428,10,3,0,11,0,6,35,14,12,218,81,21,17
567,2022-05-23,509,438,15,2,0,4,0,4,47,11,12,204,98,16,25
568,2022-05-24,482,390,26,1,4,13,0,5,31,13,21,137,103,11,25
569,2022-05-25,553,455,29,0,3,14,1,4,27,14,14,122,167,24,36
570,2022-05-26,513,442,24,3,4,9,2,7,37,16,10,125,144,28,33
571,2022-05-27,525,448,32,2,3,13,1,5,47,19,14,122,140,28,22
572,2022-05-28,479,396,31,4,1,9,0,1,38,13,4,96,150,21,28
573,2022-05-29,462,412,32,1,0,19,1,8,39,12,10,87,162,9,32
574,2022-05-30,530,439,28,4,3,12,0,7,53,16,24,89,147,25,31
575,2022-05-31,690,586,28,1,1,12,1,3,44,22,22,158,208,40,46
576,2022-06-01,500,418,39,2,1,13,0,3,37,16,15,106,131,27,28
577,2022-06-02,491,396,46,2,2,15,1,1,34,12,18,110,108,32,15
578,2022-06-03,445,372,39,5,1,9,2,0,40,9,15,103,113,23,13
579,2022-06-04,437,362,26,0,0,4,0,3,35,6,14,88,138,25,23
580,2022-06-05,465,395,17,3,0,5,0,2,28,8,16,156,118,18,24
581,2022-06-06,480,404,37,2,0,10,0,4,40,10,23,137,103,24,14
582,2022-06-07,602,544,41,3,3,6,2,6,44,18,15,157,194,29,26
583,2022-06-08,539,456,28,1,0,14,0,3,44,11,10,115,169,30,31
584,2022-06-09,593,516,25,1,10,4,0,1,49,8,14,131,211,32,30
585,2022-06-10,598,513,31,2,5,17,0,4,54,16,19,136,172,25,32
586,2022-06-11,581,480,31,3,0,17,0,0,44,16,9,134,178,26,22
587,2022-06-12,563,480,26,1,0,10,0,4,49,9,13,117,194,15,42
588,2022-06-13,620,529,39,0,3,15,0,6,52,13,28,122,200,18,33
589,2022-06-14,560,486,29,1,1,11,0,6,43,9,26,134,183,17,26
590,2022-06-15,678,575,44,4,2,12,1,5,65,11,14,149,199,28,41
591,2022-06-16,611,509,45,1,1,19,0,9,48,20,15,127,169,15,40
592,2022-06-17,554,466,35,2,0,13,0,6,43,10,17,127,168,18,27
593,2022-06-18,589,477,28,3,0,17,0,1,40,11,12,124,203,8,30
594,2022-06-19,545,461,21,1,0,11,1,0,44,12,7,122,204,12,26
595,2022-06-20,367,298,23,1,2,8,0,3,27,16,12,76,104,13,13
596,2022-06-21,601,509,42,2,3,23,1,6,62,12,16,136,158,19,29
597,2022-06-22,643,543,32,1,1,20,1,8,63,22,15,119,199,29,33
598,2022-06-23,607,514,21,3,2,8,0,7,51,15,14,126,223,16,28
599,2022-06-24,527,457,27,0,0,9,1,2,59,8,14,129,168,29,11
600,2022-06-25,564,459,20,0,0,12,0,2,28,12,6,98,255,5,21
601,2022-06-26,571,493,21,1,0,10,0,4,31,4,8,116,255,19,24
602,2022-06-27,617,489,22,1,2,144,21,183,10,2,3,46,10,15,30
603,2022-06-28,508,436,27,2,1,102,18,175,9,1,2,33,4,25,37
604,2022-06-29,567,489,21,3,0,4,0,4,55,7,19,116,198,39,23
605,2022-06-30,558,458,23,0,1,5,0,1,44,12,29,112,176,24,31
606,2022-07-01,486,404,29,1,0,6,0,2,33,5,10,104,167,24,23
607,2022-07-02,506,403,27,0,0,11,0,2,28,5,13,89,188,13,27
608,2022-07-03,516,402,25,1,0,9,2,1,39,4,8,111,155,20,27
609,2022-07-04,469,392,38,0,0,15,0,2,29,3,13,91,165,26,10
610,2022-07-05,538,443,38,0,1,14,0,2,29,9,7,102,206,17,18
611,2022-07-06,570,472,33,1,2,19,0,1,46,14,14,99,186,41,16
612,2022-07-07,716,569,25,0,0,9,0,4,46,10,19,126,265,40,25
613,2022-07-08,494,383,31,0,0,11,0,3,32,7,12,93,159,20,15
614,2022-07-09,603,429,12,2,0,6,0,0,39,7,15,89,222,24,13
615,2022-07-10,626,536,14,0,0,7,0,2,39,5,11,140,273,19,26
616,2022-07-11,599,535,21,2,0,10,0,2,41,7,33,123,227,46,23
617,2022-07-12,735,619,43,0,1,16,0,5,35,7,20,142,269,44,37
618,2022-07-13,614,509,36,1,3,15,0,0,32,6,22,129,214,27,24
619,2022-07-14,608,492,28,1,1,12,0,1,35,13,26,121,204,23,27
620,2022-07-15,592,469,23,1,0,9,1,1,39,3,23,126,193,10,40
621,2022-07-16,619,490,22,3,0,9,2,3,37,7,16,122,202,22,45
622,2022-07-17,518,441,10,2,1,2,0,5,41,7,13,103,219,18,20
623,2022-07-18,649,551,26,3,1,9,1,5,55,8,22,139,225,27,30
624,2022-07-19,667,598,28,2,3,10,1,6,46,9,22,144,269,27,31
625,2022-07-20,546,445,28,1,1,7,0,2,46,8,23,97,187,19,26
626,2022-07-21,624,531,36,1,1,18,1,4,38,10,31,128,207,32,24
627,2022-07-22,614,481,14,1,2,14,1,4,29,11,12,136,197,33,27
628,2022-07-23,535,430,18,1,0,8,0,1,33,6,11,105,212,15,20
629,2022-07-24,656,558,15,1,0,6,0,3,35,4,11,147,291,25,20
630,2022-07-25,608,504,16,2,3,3,0,5,31,7,23,118,260,22,14
631,2022-07-26,646,541,26,0,3,10,0,1,39,6,14,126,262,25,29
632,2022-07-27,594,508,27,1,4,9,2,3,39,4,21,122,243,15,18
633,2022-07-28,622,513,22,0,2,8,0,4,35,9,22,140,222,30,19
634,2022-07-29,543,439,12,0,1,3,0,3,39,1,27,131,174,28,20
635,2022-07-30,640,507,10,0,0,3,0,1,27,2,16,151,250,39,8
636,2022-07-31,651,523,5,2,0,3,0,3,25,2,12,140,285,35,11
637,2022-08-01,793,623,10,2,0,0,0,1,29,6,18,172,341,27,17
638,2022-08-02,494,418,21,0,3,5,0,4,27,4,14,87,205,38,10
639,2022-08-03,646,520,11,0,2,7,0,1,46,7,15,130,256,26,19
640,2022-08-04,692,598,18,2,1,5,0,3,47,5,17,135,285,48,32
641,2022-08-05,418,345,13,1,0,3,0,1,26,4,17,99,131,37,13
642,2022-08-06,512,433,17,2,0,6,0,2,21,2,11,103,220,36,13
643,2022-08-07,596,501,3,1,0,3,0,2,29,4,12,158,247,19,23
644,2022-08-08,540,415,14,0,3,9,0,1,25,2,9,96,201,36,19
645,2022-08-09,571,485,20,1,3,11,0,3,41,8,15,122,197,37,27
646,2022-08-10,673,566,24,1,4,15,0,6,23,5,11,147,266,43,21
647,2022-08-11,650,566,24,1,4,15,0,6,23,5,11,147,266,43,21
648,2022-08-12,460,378,21,0,1,6,0,10,31,10,18,160,212,39,24
649,2022-08-13,691,569,13,0,1,8,0,1,43,6,10,171,270,35,11
650,2022-08-14,687,583,19,0,2,9,1,4,39,8,13,174,279,14,21
651,2022-08-15,669,553,28,1,0,7,1,4,49,3,22,173,221,27,17
652,2022-08-16,753,602,23,1,2,8,0,3,40,8,24,165,266,41,21
653,2022-08-17,678,567,25,0,4,14,0,7,40,7,23,143,251,34,19
654,2022-08-18,662,542,36,2,1,7,0,3,36,5,29,162,212,28,21
655,2022-08-19,599,498,14,0,2,5,1,0,38,3,29,145,208,31,22
656,2022-08-20,608,514,14,0,1,3,1,2,33,3,12,144,262,23,16
657,2022-08-21,658,556,16,0,0,5,0,4,27,7,9,175,265,15,33
658,2022-08-22,607,493,20,0,1,8,0,1,35,5,17,139,209,38,20
659,2022-08-23,672,536,12,2,1,12,0,6,46,5,10,134,242,43,23
660,2022-08-24,599,498,16,0,1,4,0,8,41,9,7,125,250,25,12
661,2022-08-25,795,631,20,1,7,4,1,8,35,3,29,162,286,31,44
662,2022-08-26,581,491,13,1,1,4,0,1,36,7,15,149,228,21,15
663,2022-08-27,634,529,15,2,0,3,1,3,42,4,14,164,247,13,21
664,2022-08-28,628,534,9,1,1,1,0,3,35,2,7,153,271,23,28
665,2022-08-29,516,414,15,0,1,4,0,5,22,3,21,104,184,32,23
666,2022-08-30,677,562,16,1,3,15,0,7,54,8,10,160,227,38,23
667,2022-08-31,642,539,23,2,0,6,0,6,51,4,15,121,250,43,18
668,2022-09-01,647,547,22,0,3,6,0,2,27,6,18,160,247,36,20
669,2022-09-02,526,446,24,1,5,5,0,6,40,9,28,102,171,28,27
670,2022-09-03,614,520,18,1,0,6,0,1,29,9,17,131,254,21,33
671,2022-09-04,687,573,16,3,1,2,0,7,40,4,14,144,294,14,34
672,2022-09-05,683,534,15,3,0,3,0,2,29,7,17,183,210,37,28
673,2022-09-06,501,418,17,1,4,3,0,3,20,6,23,133,169,24,15
674,2022-09-07,692,613,31,1,4,12,1,2,46,10,15,174,265,23,29
675,2022-09-08,828,724,23,0,4,5,0,5,59,9,28,240,290,22,39
676,2022-09-09,544,533,24,0,3,7,0,2,35,7,33,158,205,40,19
677,2022-09-10,650,573,12,5,0,6,0,3,48,3,5,153,268,32,38
678,2022-09-11,668,590,9,3,0,0,0,2,41,8,14,175,274,26,38
679,2022-09-12,671,617,16,1,2,5,0,8,51,2,26,219,223,37,27
680,2022-09-13,729,661,24,1,4,10,0,7,45,12,27,210,254,40,27
681,2022-09-14,734,685,22,1,1,10,0,7,64,7,14,180,297,48,34
682,2022-09-15,815,719,23,1,4,7,0,5,66,8,26,192,315,42,30
683,2022-09-16,700,675,13,2,4,4,0,12,44,13,14,208,305,33,23
684,2022-09-17,720,624,11,0,0,3,0,4,39,4,19,162,336,17,29
685,2022-09-18,750,676,10,1,0,1,0,6,35,8,14,206,318,36,41
686,2022-09-19,785,724,19,1,2,0,0,4,48,8,34,252,292,32,32
687,2022-09-20,842,694,19,1,0,3,0,10,55,10,21,198,311,30,36
688,2022-09-21,814,764,22,4,6,7,1,6,54,12,34,247,293,41,37
689,2022-09-22,894,780,18,1,3,3,0,11,48,9,32,260,331,31,33
690,2022-09-23,750,686,29,0,1,7,1,11,54,11,18,216,285,27,26
691,2022-09-24,704,633,7,4,0,5,0,7,50,7,6,179,306,29,33
692,2022-09-25,704,603,11,2,0,2,0,4,41,3,9,164,314,33,20
693,2022-09-26,854,752,17,2,1,3,0,10,48,4,24,258,300,48,37
694,2022-09-27,863,767,10,4,2,3,2,6,53,18,24,255,320,33,37
695,2022-09-28,696,630,30,1,3,14,0,4,44,2,21,177,270,37,27
696,2022-09-29,774,687,43,1,3,10,0,7,71,8,26,189,262,30,37
697,2022-09-30,774,663,29,1,0,8,0,5,50,14,17,193,278,35,33
698,2022-10-01,666,606,26,1,1,4,0,7,52,8,13,206,240,18,30
699,2022-10-02,829,677,19,1,0,11,0,4,37,4,4,205,345,17,30
700,2022-10-03,867,749,29,3,0,9,0,4,38,8,39,210,358,29,22
701,2022-10-04,879,737,16,0,1,9,1,1,64,10,20,215,351,27,22
702,2022-10-05,648,564,18,1,2,10,0,4,35,8,23,186,207,48,22
703,2022-10-06,766,704,21,2,3,6,1,4,56,6,23,227,302,24,29
704,2022-10-07,729,644,22,1,2,1,0,7,50,4,21,199,265,51,21
705,2022-10-08,750,687,16,2,2,2,1,7,36,4,17,261,288,28,23
706,2022-10-09,704,600,9,1,0,2,1,3,33,6,10,186,293,31,25
707,2022-10-10,704,575,12,5,0,6,0,5,48,3,5,153,268,32,38
708,2022-10-11,613,561,21,0,1,2,0,3,34,8,35,155,235,50,17
709,2022-10-12,686,599,17,1,1,4,0,2,34,3,20,159,287,48,23
710,2022-10-13,793,672,15,1,5,5,0,0,39,3,27,193,308,41,35
711,2022-10-14,593,566,37,1,2,9,0,3,32,2,29,205,188,43,15
712,2022-10-15,742,704,23,2,0,1,0,2,44,4,11,210,352,26,29
713,2022-10-16,645,539,25,2,0,6,2,4,37,3,6,158,249,28,19
714,2022-10-17,765,670,31,1,2,7,0,3,57,5,22,204,270,48,20
715,2022-10-18,859,742,21,1,1,7,0,10,47,9,15,219,342,37,33
716,2022-10-19,881,784,30,2,4,9,1,4,60,2,18,225,363,37,29
717,2022-10-20,881,805,20,3,2,7,0,4,52,10,26,238,326,73,44
718,2022-10-21,686,634,9,0,2,4,0,1,27,7,24,190,301,41,28
719,2022-10-22,748,666,14,3,0,10,0,2,38,5,7,222,283,44,38
720,2022-10-23,847,705,11,1,0,0,0,4,30,4,14,162,409,23,47
721,2022-10-24,775,692,8,0,4,1,0,4,31,6,32,242,285,49,30
722,2022-10-25,782,705,12,0,3,0,0,5,36,5,19,204,354,28,39
723,2022-10-26,757,700,8,0,0,2,0,5,34,6,17,251,316,47,14
724,2022-10-27,890,798,12,1,0,1,0,10,47,10,22,253,373,37,32
725,2022-10-28,673,623,19,2,0,2,0,3,48,3,23,217,247,37,22
726,2022-10-29,697,606,15,0,0,2,0,2,30,6,6,189,311,18,27
727,2022-10-30,626,589,17,0,0,5,0,2,26,6,10,194,274,39,16
728,2022-10-31,735,678,33,0,0,7,0,7,46,9,24,214,258,51,29
729,2022-11-01,727,678,40,2,2,13,0,2,53,5,27,231,246,26,31
730,2022-11-02,731,657,10,2,3,7,0,2,32,4,21,227,272,51,26
731,2022-11-03,812,747,9,0,1,4,0,3,49,4,15,229,367,31,35
732,2022-11-04,553,521,16,0,0,6,0,2,25,3,18,190,216,32,13
733,2022-11-05,706,609,17,1,0,2,0,1,27,11,8,186,292,31,33
734,2022-11-06,709,621,14,0,0,0,0,2,38,4,6,189,310,21,37
735,2022-11-07,729,650,22,0,3,3,0,4,33,13,18,229,271,35,19
736,2022-11-08,635,596,17,1,0,2,0,3,32,9,12,183,275,38,24
737,2022-11-09,684,610,10,0,3,0,0,6,45,12,11,227,237,42,17
738,2022-11-10,719,607,8,1,0,1,0,5,38,6,20,209,263,32,24
739,2022-11-11,652,571,22,2,0,5,0,5,27,7,14,228,209,31,21
740,2022-11-12,654,654,7,0,0,0,0,7,24,9,11,251,289,23,33
741,2022-11-13,665,611,6,0,0,3,0,8,26,6,12,253,260,15,22
742,2022-11-14,649,606,16,0,1,2,0,2,47,1,24,235,222,33,23
743,2022-11-15,738,649,22,0,4,1,0,2,67,6,12,202,267,47,19
744,2022-11-16,683,611,34,0,3,6,0,3,43,4,11,213,241,36,17
745,2022-11-17,779,653,13,2,1,5,0,1,46,1,10,221,318,32,32
746,2022-11-18,565,434,28,1,4,8,0,3,43,3,20,198,184,39,22
747,2022-11-19,591,501,15,1,0,1,0,1,31,4,11,174,250,18,19
748,2022-11-20,521,428,25,0,0,3,0,2,32,5,4,168,181,29,14
749,2022-11-21,597,547,32,0,1,9,0,3,45,8,19,196,168,42,24
750,2022-11-22,697,642,16,1,1,4,0,5,57,5,12,213,261,38,29
751,2022-11-23,720,627,26,2,4,3,0,4,62,5,12,196,262,28,23
752,2022-11-24,641,494,28,0,1,6,1,9,46,11,10,178,206,25,21
753,2022-11-25,527,495,23,0,0,6,0,5,42,3,12,162,161,32,20
754,2022-11-26,582,513,29,0,0,4,0,10,35,6,1,148,228,26,26
755,2022-11-27,546,449,6,0,0,3,0,2,21,2,7,131,235,22,20
756,2022-11-28,679,586,22,0,2,4,0,3,35,4,16,185,262,35,18
757,2022-11-29,625,508,62,0,2,9,0,4,45,6,16,108,194,38,24
758,2022-11-30,552,465,50,2,2,19,0,4,52,8,14,117,146,33,18
759,2022-12-01,548,487,39,0,4,10,0,2,51,9,18,141,161,32,20
760,2022-12-02,478,411,33,0,1,13,1,4,42,4,18,101,144,31,19
761,2022-12-03,600,585,41,2,3,19,1,5,79,11,15,127,214,19,49
762,2022-12-04,574,535,28,0,0,10,0,7,56,3,20,166,209,13,23
763,2022-12-05,611,586,67,1,1,23,1,4,49,5,26,141,198,36,34
764,2022-12-06,648,623,70,1,7,12,0,13,71,10,28,131,218,16,46
765,2022-12-07,475,465,66,1,1,10,3,2,58,9,9,109,144,32,21
766,2022-12-08,587,562,52,1,3,12,0,5,60,16,26,155,165,25,42
767,2022-12-09,553,537,50,1,0,14,2,6,70,6,18,140,158,26,46
768,2022-12-10,580,567,32,3,0,6,4,7,58,3,18,150,249,13,24
769,2022-12-11,668,636,33,3,0,10,0,2,62,3,25,182,247,33,36
770,2022-12-12,632,605,39,1,0,6,1,4,43,7,23,180,232,44,25
771,2022-12-13,658,634,44,2,2,17,0,7,68,16,26,181,226,20,25
772,2022-12-14,620,594,35,1,0,13,0,1,54,7,12,183,234,25,29
773,2022-12-15,647,619,77,1,1,20,0,3,69,6,36,157,182,27,40
774,2022-12-16,523,513,36,0,2,14,0,2,51,5,17,150,162,47,27
775,2022-12-17,594,575,33,0,0,7,0,0,39,3,17,183,245,25,23
776,2022-12-18,655,643,39,1,0,12,3,3,51,4,18,168,283,26,35
777,2022-12-19,659,639,45,1,2,12,1,4,60,13,24,170,230,48,29
778,2022-12-20,676,653,51,2,1,8,0,6,61,7,10,151,275,42,39
779,2022-12-21,507,490,36,0,0,10,1,2,49,5,17,143,158,33,36
780,2022-12-22,550,536,77,0,3,17,1,6,58,7,10,138,161,20,38
781,2022-12-23,522,506,98,0,0,21,1,14,100,15,17,82,92,26,40
782,2022-12-24,429,411,58,2,0,22,0,5,78,9,9,72,101,18,37
783,2022-12-25,464,444,58,2,0,21,0,2,60,9,8,92,120,33,39
784,2022-12-26,598,575,59,2,0,16,1,7,77,10,19,146,163,22,53
785,2022-12-27,530,513,52,1,0,14,1,3,75,22,21,137,143,18,26
786,2022-12-28,632,600,53,0,0,11,1,5,77,13,15,172,168,34,51
787,2022-12-29,651,635,56,0,1,12,1,2,75,10,15,179,226,20,38
788,2022-12-30,706,683,50,0,0,15,0,3,84,12,28,189,224,35,43
789,2022-12-31,576,560,34,0,0,11,2,0,45,10,9,189,196,19,45
790,2023-01-01,704,669,31,2,2,13,0,2,53,5,27,231,246,26,31
791,2023-01-02,708,689,38,1,1,12,1,12,73,13,15,204,255,16,48
792,2023-01-03,668,649,45,3,0,13,0,3,67,10,27,174,231,37,39
793,2023-01-04,601,577,46,1,4,11,1,3,66,6,19,146,207,29,38
794,2023-01-05,684,659,44,2,2,13,0,7,83,11,25,164,245,28,35
795,2023-01-06,722,703,48,0,3,7,0,2,95,12,23,177,255,34,47
796,2023-01-07,686,667,35,1,0,12,0,5,73,15,9,140,280,21,76
797,2023-01-08,693,668,31,1,0,12,0,1,55,9,9,183,287,17,63
798,2023-01-09,772,745,80,0,4,28,0,7,56,21,15,190,277,28,39
799,2023-01-10,676,652,62,3,2,32,2,7,70,16,10,154,223,32,39
800,2023-01-11,699,675,72,2,7,32,3,6,79,16,19,169,207,10,53
801,2023-01-12,760,730,67,2,4,25,0,3,79,19,32,184,224,35,56
802,2023-01-13,664,643,74,1,2,33,0,8,78,16,21,154,183,34,39
803,2023-01-14,533,517,74,0,2,60,0,4,54,8,3,102,152,26,32
804,2023-01-15,536,528,64,2,0,28,3,16,55,16,7,119,155,14,49
805,2023-01-16,792,763,69,1,3,27,0,11,81,21,23,214,263,15,35
806,2023-01-17,726,689,55,1,5,38,1,9,92,16,17,169,214,25,47
807,2023-01-18,692,685,51,3,4,22,1,4,103,23,20,193,174,41,46
808,2023-01-19,754,724,37,2,4,18,1,10,54,19,15,185,291,41,47
809,2023-01-20,715,712,52,2,3,14,1,7,81,9,17,184,274,38,30
810,2023-01-21,678,656,38,1,0,22,1,6,60,11,9,196,235,24,53
811,2023-01-22,676,648,46,1,0,19,2,7,50,9,6,165,276,22,45
812,2023-01-23,826,808,65,0,2,24,0,11,86,6,29,216,281,32,56
813,2023-01-24,816,774,71,2,3,34,0,13,85,19,24,191,224,39,69
814,2023-01-25,665,635,81,1,3,34,2,3,84,11,17,185,148,29,37
815,2023-01-26,667,641,91,2,2,37,2,4,112,19,26,110,170,21,45
816,2023-01-27,672,659,63,5,2,24,6,6,103,17,18,186,163,24,42
817,2023-01-28,591,562,73,0,0,25,1,8,70,4,14,146,150,22,49
818,2023-01-29,613,588,28,2,0,12,0,8,57,10,5,193,206,16,51
819,2023-01-30,805,780,80,1,0,26,2,8,112,17,32,198,225,25,54
820,2023-01-31,689,674,62,0,0,39,1,10,93,13,16,150,216,23,51
821,2023-02-01,700,656,131,1,2,52,4,9,93,29,16,124,109,39,47
822,2023-02-02,684,648,108,2,6,60,3,10,120,17,23,102,132,25,40
823,2023-02-03,638,608,111,3,1,42,1,11,115,28,17,82,125,32,40
824,2023-02-04,535,519,97,0,2,56,2,11,92,8,7,82,99,17,46
825,2023-02-05,603,583,74,0,0,46,4,3,71,11,14,95,175,19,71
826,2023-02-06,821,782,78,0,1,27,2,8,84,31,24,207,248,28,44
827,2023-02-07,828,818,54,5,3,21,4,9,110,25,28,194,285,22,58
828,2023-02-08,746,715,65,2,2,34,1,9,80,16,19,167,248,37,35
829,2023-02-09,718,691,71,1,4,29,0,12,77,10,23,186,193,34,51
830,2023-02-10,771,767,65,1,5,19,3,5,81,14,32,207,256,29,50
831,2023-02-11,679,672,64,3,4,25,3,7,64,11,10,185,217,26,53
832,2023-02-12,710,683,40,1,2,41,2,6,43,11,12,159,235,36,95
833,2023-02-13,730,725,72,0,5,36,1,10,92,21,24,171,201,39,53
834,2023-02-14,703,674,55,4,5,49,3,6,71,12,5,134,239,29,62
835,2023-02-15,844,821,59,1,0,52,4,5,77,13,19,177,296,44,74
836,2023-02-16,779,775,87,0,4,46,3,12,108,26,21,184,186,31,67
837,2023-02-17,680,670,129,1,8,65,4,0,106,21,21,104,125,42,44
838,2023-02-18,701,677,55,1,0,30,2,9,81,18,5,142,241,17,76
839,2023-02-19,676,658,36,0,2,19,2,10,66,24,6,181,192,17,103
840,2023-02-20,694,646,42,2,3,26,1,9,72,20,10,201,190,23,47
841,2023-02-21,816,796,52,2,5,38,1,7,107,30,36,229,229,18,42
842,2023-02-22,703,679,78,1,6,32,2,8,97,9,18,187,157,31,53
843,2023-02-23,584,581,70,2,1,50,1,11,113,24,30,104,102,24,49
844,2023-02-24,630,616,96,5,4,49,4,4,97,21,22,129,128,21,36
845,2023-02-25,482,466,47,1,1,31,0,8,61,21,5,129,110,20,32
846,2023-02-26,486,479,46,2,0,26,1,8,66,7,12,126,123,26,36
847,2023-02-27,693,656,48,1,11,23,2,4,94,20,37,161,168,33,54
848,2023-02-28,637,606,49,5,7,25,1,6,80,12,17,188,145,12,59
849,2023-03-01,739,710,43,6,9,23,3,10,96,20,28,195,207,24,46
850,2023-03-02,732,704,41,0,2,18,2,4,86,15,18,200,218,39,61
851,2023-03-03,724,690,66,1,3,26,3,11,81,23,30,185,182,32,47
852,2023-03-04,529,508,43,3,0,35,4,4,63,21,9,122,166,16,22
853,2023-03-05,614,594,51,0,0,14,1,3,54,9,7,180,205,23,47
854,2023-03-06,795,770,44,3,3,36,0,3,78,11,38,202,263,35,54
855,2023-03-07,744,719,47,1,3,28,1,5,69,16,22,207,225,36,59
856,2023-03-08,801,780,60,1,9,31,2,4,109,12,14,239,216,35,48
857,2023-03-09,710,695,65,1,3,32,4,2,66,21,18,211,196,24,52
858,2023-03-10,682,654,78,2,4,27,2,3,101,21,12,181,156,20,47
859,2023-03-11,633,609,32,1,0,23,4,7,67,27,18,185,193,16,36
860,2023-03-12,616,589,23,1,0,21,3,5,60,14,6,190,209,17,40
861,2023-03-13,802,778,26,3,8,19,1,12,77,15,17,229,288,34,49
862,2023-03-14,868,829,26,0,2,21,0,11,83,19,19,294,305,19,30
863,2023-03-15,970,923,27,1,8,20,4,13,84,29,22,300,315,33,67
864,2023-03-16,936,894,14,1,4,6,3,8,88,11,23,295,353,28,60
865,2023-03-17,841,804,47,2,3,21,3,3,89,19,18,261,249,28,61
866,2023-03-18,701,680,30,0,0,20,0,9,73,20,6,183,256,20,63
867,2023-03-19,750,719,21,1,0,9,1,10,65,11,12,203,297,29,60
868,2023-03-20,944,895,18,3,10,4,6,8,75,7,19,258,395,29,63
869,2023-03-21,994,959,32,1,4,14,0,8,90,31,17,255,400,35,72
870,2023-03-22,864,835,33,1,0,28,1,13,85,13,22,233,339,24,43
871,2023-03-23,940,896,47,6,4,36,3,11,87,15,14,263,335,34,41
872,2023-03-24,867,824,39,2,2,32,4,6,73,13,19,267,264,33,70
873,2023-03-25,825,792,28,1,0,14,2,4,52,12,10,245,342,22,60
874,2023-03-26,781,758,15,1,1,9,5,7,75,6,10,250,291,26,62
875,2023-03-27,869,827,18,1,7,16,3,7,80,13,28,219,361,32,42
876,2023-03-28,942,908,51,0,6,22,1,13,86,20,25,244,346,33,61
877,2023-03-29,931,894,69,2,5,30,2,3,91,25,15,232,319,23,78
878,2023-03-30,838,797,111,1,10,51,2,7,114,9,26,170,190,24,82
879,2023-03-31,711,681,63,1,4,26,2,5,103,9,14,168,223,16,47
880,2023-04-01,705,679,63,1,1,50,1,9,65,25,12,178,180,23,71
881,2023-04-02,651,622,37,2,0,8,7,11,71,8,7,161,252,24,34
882,2023-04-03,841,800,33,3,5,9,2,7,75,23,36,219,333,23,32
883,2023-04-04,870,845,33,3,1,23,1,6,89,12,25,257,303,32,60
884,2023-04-05,885,836,46,0,5,20,6,8,78,14,20,284,279,26,50
885,2023-04-06,977,926,51,0,8,15,3,9,90,23,17,233,362,33,82
886,2023-04-07,799,778,22,1,1,19,1,6,75,9,10,282,280,31,41
887,2023-04-08,747,732,22,2,0,6,0,3,60,7,15,273,290,25,29
888,2023-04-09,669,654,22,1,0,8,2,6,51,10,8,199,293,26,28
889,2023-04-10,867,832,26,1,7,9,0,3,89,13,13,315,268,46,42
890,2023-04-11,853,816,58,3,13,25,4,5,89,21,18,210,268,34,68
891,2023-04-12,745,711,48,1,0,20,2,5,85,13,21,150,293,30,43
892,2023-04-13,769,743,44,1,5,22,0,8,70,20,20,225,227,29,72
893,2023-04-14,731,691,30,2,3,12,2,5,64,19,31,203,248,24,48
894,2023-04-15,636,619,29,0,0,12,2,5,55,10,11,161,252,18,64
895,2023-04-16,628,588,24,1,0,8,0,6,50,18,6,200,202,16,57
896,2023-04-17,917,877,43,2,4,17,2,7,76,17,33,250,344,29,53
897,2023-04-18,970,919,58,3,4,5,2,5,85,21,14,288,332,25,77
898,2023-04-19,965,932,56,0,3,16,2,8,96,14,35,232,360,33,77
899,2023-04-20,861,831,49,2,2,13,5,6,88,20,25,269,300,15,37
900,2023-04-21,813,782,20,1,4,12,0,7,70,14,28,258,305,27,36
901,2023-04-22,785,757,27,0,0,8,1,3,56,13,14,251,337,16,31
902,2023-04-23,711,700,24,0,0,5,0,5,60,10,10,244,299,15,28
903,2023-04-24,926,890,32,0,8,14,1,4,72,13,45,286,340,24,51
904,2023-04-25,959,935,45,0,4,15,2,7,80,24,19,237,392,37,73
905,2023-04-26,858,823,41,0,10,10,1,1,58,12,27,236,353,23,51
906,2023-04-27,861,842,16,1,1,11,3,4,50,13,35,233,292,79,104
907,2023-04-28,900,876,37,1,5,7,3,4,43,13,25,254,327,57,100
908,2023-04-29,916,891,12,2,1,5,3,7,56,20,22,279,412,23,49
909,2023-04-30,996,934,13,0,0,3,2,7,70,6,19,297,494,19,4
910,2023-05-01,1113,1075,25,0,7,4,0,4,91,15,57,361,411,41,59
911,2023-05-02,1183,1146,21,1,9,8,1,5,68,18,28,345,519,50,73
912,2023-05-03,1029,1005,30,2,7,12,0,8,64,11,25,352,412,46,36
913,2023-05-04,975,935,44,2,12,15,1,7,55,20,25,357,299,44,54
914,2023-05-05,935,898,24,1,8,10,0,6,68,10,38,286,365,49,33
915,2023-05-06,841,816,20,1,1,7,2,7,41,16,14,256,383,24,44
916,2023-05-07,1027,994,18,0,0,3,3,5,75,16,13,318,439,37,67
917,2023-05-08,1118,1086,22,0,4,10,3,4,72,19,40,343,466,35,68
918,2023-05-09,1037,654,38,2,6,17,4,7,65,13,24,332,33,59,54
919,2023-05-10,920,896,10,1,10,8,0,7,12,74,26,323,345,36,44
920,2023-05-11,924,886,20,3,1,8,0,9,69,21,15,258,384,32,66
921,2023-05-12,978,955,29,1,4,7,5,3,68,15,27,271,446,41,38
922,2023-05-13,987,943,13,4,1,3,5,2,51,5,17,310,465,16,51
923,2023-05-14,932,897,15,1,0,5,1,3,51,11,12,249,473,24,52
924,2023-05-15,1046,1002,69,3,8,18,3,7,66,15,41,272,419,38,43
925,2023-05-16,1098,1075,43,1,4,13,1,3,73,20,27,320,472,36,62
926,2023-05-17,1072,1049,31,0,7,13,2,2,73,12,24,360,447,31,47
927,2023-05-18,1019,982,35,3,2,10,3,12,73,16,23,316,402,29,58
928,2023-05-19,1117,1031,19,3,4,6,3,6,72,12,32,345,499,30,60
929,2023-05-20,1085,1092,17,3,0,3,0,4,61,13,15,333,499,28,56
930,2023-05-21,1184,1155,8,3,0,3,2,7,40,14,4,448,532,24,70
931,2023-05-22,1046,1018,39,0,1,20,2,12,44,8,12,346,467,8,59
932,2023-05-23,1203,1167,25,1,2,5,1,6,75,17,47,361,531,26,70
933,2023-05-24,1122,1094,33,1,3,8,0,3,70,14,36,338,497,38,53
934,2023-05-25,980,955,31,5,3,4,1,5,57,9,31,338,383,33,55
935,2023-05-26,827,809,16,2,3,8,1,7,47,5,35,269,349,34,33
936,2023-05-27,1026,989,12,3,1,1,1,6,47,16,17,325,458,35,67
937,2023-05-28,857,832,8,1,3,1,4,6,49,7,5,226,456,17,49
938,2023-05-29,1021,999,25,0,3,9,1,2,61,8,50,371,390,37,42
939,2023-05-30,948,916,15,1,3,3,2,5,47,12,11,296,438,43,40
940,2023-05-31,1095,1067,18,1,9,6,1,4,55,8,35,337,526,31,36
941,2023-06-01,1125,1112,21,3,1,9,2,3,51,12,43,370,480,49,68
942,2023-06-02,1005,979,24,1,5,9,1,4,64,14,29,271,454,54,49
943,2023-06-03,1039,1013,24,3,0,9,3,5,48,9,26,299,499,42,46
944,2023-06-04,1054,1022,18,1,0,5,1,6,59,7,16,315,504,33,57
945,2023-06-05,1139,1107,25,0,8,8,1,10,59,10,49,360,489,47,41
946,2023-06-06,1249,1214,19,4,8,7,2,5,53,10,24,374,563,77,68
947,2023-06-07,931,919,26,1,4,6,1,5,39,7,28,362,347,46,47
948,2023-06-08,1143,1101,17,2,0,13,0,4,62,14,30,330,511,61,57
949,2023-06-09,1137,1110,19,0,2,3,1,4,50,7,33,336,537,67,51
950,2023-06-10,1102,1062,9,0,1,7,1,3,51,7,28,290,542,59,64
951,2023-06-11,1068,1036,9,1,0,3,0,6,48,4,15,340,526,38,46
952,2023-06-12,976,963,37,2,4,12,3,9,64,9,28,333,371,41,50
953,2023-06-13,1123,1097,32,0,4,17,1,6,57,12,40,394,416,59,59
954,2023-06-14,1089,1062,23,5,3,4,2,1,61,8,54,355,447,51,48
955,2023-06-15,1156,1106,21,3,5,8,2,7,58,15,23,391,449,59,65
956,2023-06-16,1091,1072,13,1,3,2,3,6,69,11,32,408,433,45,46
957,2023-06-17,1089,1064,4,0,1,0,1,5,40,8,14,388,500,45,58
958,2023-06-18,1085,1082,3,3,0,1,3,8,44,4,13,396,517,45,45
959,2023-06-19,1136,1117,6,2,5,3,1,14,70,14,31,387,493,48,52
960,2023-06-20,997,980,10,0,8,2,5,3,104,14,25,368,326,52,63
961,2023-06-21,932,897,8,1,7,2,1,8,52,14,32,319,361,49,43
962,2023-06-22,917,904,11,2,5,6,1,7,57,15,34,331,343,37,68
963,2023-06-23,922,918,13,6,6,2,1,2,57,7,44,313,384,37,50
964,2023-06-24,926,903,5,2,0,2,3,6,58,12,10,382,327,38,58
965,2023-06-25,797,768,3,1,0,0,2,3,62,4,16,279,330,25,43
966,2023-06-26,1030,1009,10,1,4,5,0,9,59,13,36,389,397,48,38
967,2023-06-27,1001,954,12,1,2,2,2,4,65,13,18,261,440,82,52
968,2023-06-28,1068,1045,13,3,6,12,2,7,71,16,43,392,383,43,54
969,2023-06-29,1037,1000,8,5,6,5,0,4,67,11,35,406,353,41,59
970,2023-06-30,926,904,13,3,0,4,2,4,43,7,46,398,300,48,36
971,2023-07-01,825,800,10,5,0,5,0,3,57,8,16,282,334,26,54
972,2023-07-02,807,783,3,1,0,4,0,5,48,8,18,296,323,29,48
973,2023-07-03,883,871,9,1,1,2,4,5,54,11,36,357,316,18,57
974,2023-07-04,888,860,6,3,3,2,2,5,71,12,56,319,289,48,44
975,2023-07-05,926,907,7,3,5,1,3,14,59,9,39,316,358,39,54
976,2023-07-06,887,854,14,2,2,6,1,1,53,11,28,356,275,42,63
977,2023-07-07,895,869,36,3,5,11,0,6,58,11,40,327,269,38,65
978,2023-07-08,794,767,29,1,0,6,0,5,47,13,22,329,245,21,49
979,2023-07-09,654,632,21,1,0,9,2,5,42,5,16,271,187,35,38
980,2023-07-10,914,896,22,0,5,3,1,8,80,4,48,343,305,40,37
981,2023-07-11,1013,992,7,3,1,0,3,14,77,9,33,299,449,36,61
982,2023-07-12,1034,1001,10,1,9,6,1,5,75,17,31,417,329,41,59
983,2023-07-13,776,756,2,2,7,1,3,12,44,15,35,326,232,30,47
984,2023-07-14,734,734,5,1,2,4,1,3,59,16,41,281,254,30,37
985,2023-07-15,744,700,6,1,0,3,2,7,41,5,13,305,250,27,40
986,2023-07-16,643,644,5,2,0,0,3,2,42,11,18,275,214,24,48
987,2023-07-17,840,834,43,4,3,16,1,6,67,11,68,287,235,40,53
988,2023-07-18,950,930,25,3,3,1,3,10,76,10,30,368,305,36,60
989,2023-07-19,886,853,5,0,6,1,0,11,77,12,36,341,258,49,57
990,2023-07-20,901,891,11,6,9,3,0,4,81,14,33,315,311,31,73
991,2023-07-21,819,831,9,2,4,0,3,13,63,10,25,278,343,31,50
992,2023-07-22,720,701,7,2,1,1,0,3,62,16,13,222,305,21,48
993,2023-07-23,656,643,9,0,0,3,2,2,44,12,14,236,261,13,47
994,2023-07-24,954,938,11,2,4,3,4,11,95,10,52,313,357,30,46
995,2023-07-25,1020,998,4,2,6,0,2,8,82,16,24,327,441,22,64
996,2023-07-26,1004,987,9,3,10,2,1,10,82,16,36,312,426,29,51
997,2023-07-27,1054,1029,5,4,4,0,2,12,80,22,37,325,435,34,69
998,2023-07-28,907,893,8,4,4,2,1,12,80,17,38,269,375,29,54
999,2023-07-29,847,815,4,4,0,3,2,2,49,14,16,247,370,33,71
1000,2023-07-30,724,697,2,1,0,1,0,3,53,5,23,250,285,24,50
1001,2023-07-31,943,926,12,1,0,5,3,23,77,13,43,294,377,23,55
1002,2023-08-01,1020,984,13,0,6,4,1,5,99,10,38,296,430,32,50
1003,2023-08-02,1029,1026,11,1,9,4,0,12,67,18,39,358,411,34,62
1004,2023-08-03,1003,1000,15,3,2,4,1,4,65,14,52,338,388,26,88
1005,2023-08-04,957,961,18,3,0,4,1,12,88,14,54,318,358,34,57
1006,2023-08-05,810,784,12,2,1,5,1,12,72,5,11,261,332,21,49
1007,2023-08-06,821,789,3,3,2,2,0,12,51,9,12,258,356,25,56
1008,2023-08-07,889,869,2,1,1,0,1,9,46,16,19,339,374,21,40
1009,2023-08-08,891,855,7,1,4,6,4,8,64,11,62,269,329,26,64
1010,2023-08-09,981,944,6,1,7,1,0,7,73,10,36,337,408,16,42
1011,2023-08-10,1001,960,16,2,6,4,2,6,69,10,26,346,363,29,81
1012,2023-08-11,811,789,11,4,3,3,3,4,56,11,31,276,322,15,50
1013,2023-08-12,807,807,6,3,1,1,1,5,49,5,15,287,357,25,52
1014,2023-08-13,839,804,3,0,0,2,9,5,44,8,10,267,335,32,89
1015,2023-08-14,1017,995,10,3,6,2,2,6,52,19,44,332,407,45,67
1016,2023-08-15,868,906,11,2,4,1,1,6,77,21,59,253,387,27,57
1017,2023-08-16,878,915,14,1,2,4,2,6,79,11,47,310,341,43,55
1018,2023-08-17,961,981,16,3,2,0,0,11,69,17,39,317,375,50,82
1019,2023-08-18,864,862,10,4,3,1,1,6,65,11,26,308,355,15,57
1020,2023-08-19,695,681,4,2,0,0,2,5,45,13,17,248,271,25,49
1021,2023-08-20,666,664,3,5,1,1,1,3,41,4,11,237,278,24,55
1022,2023-08-21,844,831,4,1,2,0,1,9,51,12,49,252,367,36,47
1023,2023-08-22,962,934,6,2,9,1,5,10,78,18,36,267,409,30,63
1024,2023-08-23,925,897,11,5,7,4,1,8,51,9,23,311,370,37,60
1025,2023-08-24,929,910,13,3,4,1,2,10,53,14,35,349,337,25,64
1026,2023-08-25,847,829,8,3,2,6,1,12,64,14,35,318,303,21,42
1027,2023-08-26,856,838,6,1,1,2,1,5,49,7,22,266,371,32,75
1028,2023-08-27,729,715,0,1,1,0,0,5,29,5,19,254,310,28,63
1029,2023-08-28,902,886,8,1,3,4,1,12,67,6,64,303,327,40,50
1030,2023-08-29,935,915,9,6,5,6,3,9,61,12,29,242,436,30,67
1031,2023-08-30,937,917,9,3,2,2,1,6,67,15,33,334,381,19,45
1032,2023-08-31,864,837,7,1,1,2,0,10,56,18,29,246,388,27,52
1033,2023-09-01,897,883,10,4,4,3,0,13,62,16,30,285,384,38,48
1034,2023-09-02,838,813,9,2,0,1,0,4,66,14,20,299,341,33,49
1035,2023-09-03,922,893,1,1,1,0,0,5,59,8,15,295,442,26,69
1036,2023-09-04,853,830,4,2,0,0,2,4,42,6,25,273,419,31,45
1037,2023-09-05,1018,993,12,0,2,2,4,9,69,13,52,303,442,37,73
1038,2023-09-06,915,899,21,1,3,4,4,3,58,11,44,307,370,38,51
1039,2023-09-07,1011,980,15,2,4,3,2,10,72,13,38,322,432,36,62
1040,2023-09-08,886,867,17,0,8,3,0,9,55,13,38,307,366,32,38
1041,2023-09-09,843,814,9,4,1,3,1,7,40,10,24,230,435,34,45
1042,2023-09-10,833,800,3,2,3,1,2,11,37,7,13,255,409,24,66
1043,2023-09-11,971,947,5,4,0,1,0,7,62,9,35,300,465,30,53
1044,2023-09-12,959,933,22,4,1,8,1,8,76,16,27,277,431,32,56
1045,2023-09-13,1116,1067,33,0,5,3,0,11,83,9,38,335,495,41,63
1046,2023-09-14,956,950,33,1,3,6,0,6,61,9,45,322,373,35,62
1047,2023-09-15,861,860,18,3,1,5,1,11,56,11,42,247,403,34,29
1048,2023-09-16,950,945,5,1,0,1,1,6,32,11,16,306,485,38,48
1049,2023-09-17,826,795,2,0,0,0,2,5,37,3,11,254,421,30,61
1050,2023-09-18,989,987,13,4,3,0,1,8,39,7,50,312,476,39,37
1051,2023-09-19,1077,1055,19,1,3,3,2,10,53,3,21,328,517,55,62
1052,2023-09-20,1146,1125,9,2,4,2,2,8,66,14,27,302,594,60,56
1053,2023-09-21,1040,1015,23,3,3,1,1,2,45,9,21,336,474,57,65
1054,2023-09-22,1085,1066,7,0,2,2,2,4,57,11,18,412,495,32,43
1055,2023-09-23,1019,991,5,2,1,1,1,7,35,5,10,367,487,32,66
1056,2023-09-24,991,960,6,1,1,0,0,3,42,4,18,314,527,20,55
1057,2023-09-25,1200,1166,8,0,1,0,0,3,55,16,54,380,596,39,48
1058,2023-09-26,1189,1165,14,1,2,3,3,11,50,17,22,354,589,49,74
1059,2023-09-27,1215,1174,7,2,2,3,0,9,60,11,34,368,604,52,63
1060,2023-09-28,949,914,2,0,0,2,1,8,34,14,21,301,438,57,71
1061,2023-09-29,916,904,8,1,3,0,0,14,58,12,54,316,357,48,45
1062,2023-09-30,925,893,9,2,1,4,4,5,49,5,9,266,483,32,56
1063,2023-10-01,943,906,3,1,1,0,0,11,42,6,8,313,438,25,58
1064,2023-10-02,1019,999,27,0,3,5,2,6,33,5,41,308,468,41,60
1065,2023-10-03,1049,1032,16,1,2,5,2,13,53,12,36,307,467,50,68
1066,2023-10-04,1041,1029,19,0,0,5,0,7,43,9,20,328,501,47,50
1067,2023-10-05,1206,1194,23,3,4,2,1,10,63,9,35,352,572,64,56
1068,2023-10-06,1116,1075,18,6,1,5,3,5,66,8,25,366,463,54,55
1069,2023-10-07,1065,1031,2,3,0,0,1,9,50,5,15,315,508,38,85
1070,2023-10-08,1011,974,9,3,0,0,3,6,42,7,10,340,451,34,69
1071,2023-10-09,1104,1066,4,1,0,1,2,10,53,9,22,335,525,45,59
1072,2023-10-10,1255,1220,12,2,3,3,2,5,86,13,45,359,570,45,75
1073,2023-10-11,1383,1336,11,1,4,6,2,8,77,18,39,407,669,34,60
1074,2023-10-12,1169,1125,17,1,0,5,1,6,78,12,32,336,512,43,82
1075,2023-10-13,897,875,4,2,3,1,2,6,39,9,31,304,395,37,42
1076,2023-10-14,974,974,5,1,2,0,1,5,50,5,21,327,462,31,64
1077,2023-10-15,1015,981,9,0,1,4,1,8,55,6,19,311,474,27,66
1078,2023-10-16,1269,1269,10,2,2,0,0,8,67,10,39,358,649,61,63
1079,2023-10-17,1469,1437,4,2,3,1,1,13,92,12,39,389,714,48,119
1080,2023-10-18,1364,1341,1,3,1,1,1,6,55,13,32,444,624,64,96
1081,2023-10-19,1245,1206,5,0,2,1,0,2,58,6,32,371,587,33,109
1082,2023-10-20,1090,1090,8,3,2,1,4,8,60,13,32,366,499,45,49
1083,2023-10-21,1364,1092,9,1,0,1,0,1,44,7,13,337,553,47,79
1084,2023-10-22,933,914,1,1,0,0,0,1,32,3,14,301,462,34,65
1085,2023-10-23,1110,1094,6,0,3,1,0,5,57,11,51,318,540,43,59
1086,2023-10-24,1003,990,9,3,2,1,1,3,53,10,27,292,469,50,70
1087,2023-10-25,1077,1059,16,1,3,0,1,9,48,5,27,322,512,57,58
1088,2023-10-26,902,886,3,1,3,1,0,4,44,7,25,304,355,43,96
1089,2023-10-27,903,881,2,2,2,1,1,9,56,9,27,310,383,41,38
1090,2023-10-28,945,908,6,1,0,1,1,10,44,5,8,284,462,25,61
1091,2023-10-29,876,871,2,0,0,0,2,7,48,5,6,318,409,25,49
1092,2023-10-30,1071,1042,9,0,3,0,0,6,63,9,57,286,502,46,61
1093,2023-10-31,1051,1028,7,1,5,1,0,11,60,8,13,313,492,45,72
1094,2023-11-01,478,466,5,2,0,3,1,4,29,4,25,142,199,21,31
1095,2023-11-02,748,736,4,0,3,0,2,2,31,9,35,253,311,47,39
1096,2023-11-03,873,849,13,2,2,4,0,5,37,9,30,302,359,46,40
1097,2023-11-04,1020,985,8,1,1,0,0,2,39,6,17,389,429,38,55
1098,2023-11-05,993,939,13,0,0,0,0,3,41,5,12,304,471,30,60
1099,2023-11-06,1249,1227,13,1,0,1,4,9,71,8,45,340,628,47,60
1100,2023-11-07,1035,1045,7,1,3,1,3,16,66,8,21,281,528,51,59
1101,2023-11-08,1165,1119,14,5,2,1,2,5,88,9,31,337,514,57,54
1102,2023-11-09,1127,1064,6,0,3,0,1,4,65,10,23,333,489,36,94
1103,2023-11-10,961,937,13,1,2,2,1,6,58,15,38,301,409,50,41
1104,2023-11-11,907,865,5,4,0,0,0,6,48,11,18,269,420,28,56
1105,2023-11-12,945,917,7,3,1,0,3,10,34,6,13,298,461,30,51
1106,2023-11-13,1116,1081,10,2,2,2,3,7,39,5,41,339,547,42,42
1107,2023-11-14,1028,997,4,3,3,0,0,11,39,6,27,309,506,50,39
1108,2023-11-15,946,926,18,4,0,1,1,6,45,8,37,277,428,34,67
1109,2023-11-16,909,878,27,1,0,1,0,5,28,7,20,275,405,53,56
1110,2023-11-17,882,863,19,4,1,0,1,1,43,10,41,276,401,31,35
1111,2023-11-18,773,731,24,0,0,0,2,3,49,5,9,235,307,48,49
1112,2023-11-19,811,790,39,0,0,10,0,5,58,11,7,265,300,42,53
1113,2023-11-20,976,953,9,0,2,0,3,6,55,8,41,259,460,50,60
1114,2023-11-21,992,954,2,2,1,0,2,3,47,11,23,276,446,70,71
1115,2023-11-22,890,863,4,2,0,0,2,8,38,6,20,270,415,51,47
1116,2023-11-23,908,891,2,1,4,2,1,4,49,9,21,290,407,50,51
1117,2023-11-24,966,933,15,0,0,5,0,2,47,13,29,311,429,46,36
1118,2023-11-25,919,909,9,2,1,1,0,1,52,10,17,273,462,25,56
1119,2023-11-26,908,895,3,1,1,0,0,8,50,7,18,284,446,26,51
1120,2023-11-27,1171,1173,9,0,2,3,2,7,45,8,32,282,658,60,65
1121,2023-11-28,1331,1295,40,1,1,13,0,13,119,17,29,354,567,40,101
1122,2023-11-29,1014,990,3,3,0,0,3,5,47,9,28,270,529,49,44
1123,2023-11-30,1056,1029,4,3,0,1,2,2,73,15,12,298,509,39,71
1124,2023-12-01,766,746,2,2,0,1,0,11,40,7,36,204,363,40,40
1125,2023-12-02,875,841,7,2,0,3,2,4,38,6,9,247,417,40,66
1126,2023-12-03,949,902,10,1,0,1,2,2,50,9,13,253,470,37,54
1127,2023-12-04,893,866,2,0,2,0,2,6,48,5,36,202,475,47,41
1128,2023-12-05,823,804,39,1,1,14,1,5,43,9,39,212,334,37,69
1129,2023-12-06,849,824,3,0,2,0,2,3,52,4,33,205,430,37,53
1130,2023-12-07,939,904,3,3,2,1,0,8,63,11,28,253,433,37,62
1131,2023-12-08,834,810,3,1,1,2,0,6,46,7,38,244,384,31,47
1132,2023-12-09,825,806,5,3,0,0,1,7,42,12,18,256,383,37,42
1133,2023-12-10,812,756,9,4,0,0,2,2,47,0,18,215,372,30,57
1134,2023-12-11,1080,1053,6,0,2,1,1,7,52,8,32,254,578,51,61
1135,2023-12-12,964,922,4,2,3,0,0,10,67,9,16,250,479,33,49
1136,2023-12-13,915,901,9,0,0,1,1,2,57,12,22,223,492,31,51
1137,2023-12-14,877,855,4,1,2,1,0,9,55,14,18,253,396,30,72
1138,2023-12-15,901,878,6,1,0,0,1,3,52,17,30,251,438,31,48
1139,2023-12-16,822,783,5,3,0,1,2,2,39,4,11,240,390,38,48
1140,2023-12-17,743,699,0,0,0,0,0,3,30,7,20,190,364,22,63
1141,2023-12-18,994,970,5,3,1,0,0,9,54,7,27,211,570,32,51
1142,2023-12-19,721,704,9,2,2,0,1,4,42,6,12,164,379,39,44
1143,2023-12-20,773,729,17,5,2,2,3,4,46,9,29,177,353,28,54
1144,2023-12-21,824,763,4,1,2,1,0,5,43,8,15,212,353,40,79
1145,2023-12-22,623,592,22,3,0,3,2,6,35,1,36,153,272,31,28
1146,2023-12-23,692,664,16,0,0,3,1,5,63,3,15,180,294,26,58
1147,2023-12-24,627,602,24,1,1,2,1,7,51,6,8,151,289,16,45
1148,2023-12-25,509,481,13,1,0,2,1,7,47,4,15,108,229,30,24
1149,2023-12-26,788,750,17,1,0,4,0,10,60,8,21,197,340,29,63
1150,2023-12-27,713,682,14,1,1,1,1,7,48,12,45,149,326,33,44
1151,2023-12-28,754,723,5,0,1,0,3,16,48,5,25,163,360,38,59
1152,2023-12-29,704,686,3,3,0,1,0,4,56,4,22,166,362,40,25
1153,2023-12-30,771,748,5,2,0,2,1,3,44,9,5,194,399,26,58
1154,2023-12-31,624,603,39,1,0,12,1,1,61,7,7,170,231,20,53
1155,2024-01-01,578,566,68,2,0,37,2,5,57,4,16,103,202,22,48
1156,2024-01-02,917,871,61,2,2,40,0,7,67,23,34,161,361,35,78
1157,2024-01-03,801,798,23,1,3,11,2,14,87,14,20,157,407,29,30
1158,2024-01-04,904,872,29,3,4,8,0,12,76,13,21,199,389,43,75
1159,2024-01-05,702,684,7,0,3,1,2,12,62,15,19,178,317,32,36
1160,2024-01-06,782,745,3,5,0,0,3,12,64,10,12,219,345,22,50
1161,2024-01-07,683,654,2,2,0,0,1,6,66,7,4,181,336,15,34
1162,2024-01-08,1007,974,4,2,4,2,0,9,62,7,30,233,533,41,47
1163,2024-01-09,839,812,50,3,2,26,0,8,83,9,18,191,341,36,45
1164,2024-01-10,727,704,51,2,0,30,1,6,67,18,17,138,282,36,56
1165,2024-01-11,803,758,33,3,5,14,0,8,104,14,18,172,280,34,73
1166,2024-01-12,664,638,16,0,3,4,0,13,62,9,26,145,303,23,34
1167,2024-01-13,650,627,14,3,0,1,1,9,39,6,2,188,283,22,59
1168,2024-01-14,717,699,21,2,0,1,2,5,69,11,6,180,304,36,62
1169,2024-01-15,863,817,14,1,5,9,2,12,72,9,14,178,403,34,64
1170,2024-01-16,882,841,78,3,1,20,1,7,79,11,17,171,338,38,77
1171,2024-01-17,686,666,62,3,5,16,4,7,69,5,10,132,270,32,51
1172,2024-01-18,701,670,50,0,1,25,0,4,85,11,13,132,261,38,50
1173,2024-01-19,758,733,49,3,3,29,2,13,81,5,17,150,289,45,47
1174,2024-01-20,712,696,11,0,0,5,0,8,86,11,8,202,306,16,43
1175,2024-01-21,749,724,3,2,0,1,3,7,59,10,11,212,347,23,46
1176,2024-01-22,1000,956,1,4,2,3,3,2,78,20,13,197,524,48,61
1177,2024-01-23,1049,1024,1,0,1,4,2,10,100,9,9,245,517,44,82
1178,2024-01-24,770,756,3,3,4,3,3,11,69,9,15,198,348,39,51
1179,2024-01-25,783,755,3,0,2,4,3,11,81,5,26,181,349,44,46
1180,2024-01-26,720,700,1,3,0,0,1,9,70,5,13,171,363,31,33
1181,2024-01-27,861,886,9,1,0,1,1,5,74,13,9,245,437,28,63
1182,2024-01-28,834,773,4,0,2,4,2,4,59,8,6,241,360,22,61
1183,2024-01-29,1132,1098,7,3,4,1,1,15,94,9,31,266,576,34,57
1184,2024-01-30,992,958,9,1,0,0,0,6,76,18,13,253,469,45,68
1185,2024-01-31,996,963,6,3,3,0,1,7,81,7,23,227,504,55,46
1186,2024-02-01,899,889,5,4,0,1,1,7,74,7,11,243,419,49,68
1187,2024-02-02,727,698,45,2,3,19,1,11,49,9,19,120,330,56,34
1188,2024-02-03,740,702,51,4,0,25,2,0,80,8,11,162,287,33,39
1189,2024-02-04,764,739,32,0,1,7,1,9,61,8,10,205,320,24,61
1190,2024-02-05,895,873,49,4,0,21,0,12,68,4,17,158,438,46,56
1191,2024-02-06,916,878,9,1,0,5,2,0,64,8,33,233,409,58,56
1192,2024-02-07,806,783,2,1,1,3,2,8,61,8,30,207,367,49,44
1193,2024-02-08,726,702,0,2,0,0,1,5,50,5,25,211,344,27,32
1194,2024-02-09,666,655,2,2,3,2,0,10,38,5,14,198,304,41,36
1195,2024-02-10,702,665,3,3,1,2,1,0,45,6,4,240,283,32,45
1196,2024-02-11,755,742,0,0,0,0,0,4,50,4,5,206,392,37,44
1197,2024-02-12,1020,959,22,4,1,8,1,8,76,16,27,277,431,32,56
1198,2024-02-13,770,712,38,0,5,20,0,5,58,7,23,173,312,28,43
1199,2024-02-14,1172,1116,33,0,5,3,0,11,83,9,38,335,495,41,63
1200,2024-02-15,770,728,19,5,2,12,2,6,56,5,21,186,330,27,57
1201,2024-02-16,836,799,6,2,5,2,1,6,63,6,8,159,441,49,51
1202,2024-02-17,731,712,11,2,0,1,5,12,75,11,6,168,357,40,24
1203,2024-02-18,666,644,11,3,1,3,2,8,53,2,7,160,319,29,46
1204,2024-02-19,890,862,7,0,1,1,1,4,49,4,9,186,518,31,51
1205,2024-02-20,900,877,6,1,2,1,1,5,51,13,20,235,420,62,60
1206,2024-02-21,899,872,5,2,1,1,2,4,53,3,23,226,461,49,42
1207,2024-02-22,744,719,10,1,4,2,1,3,45,6,9,211,351,34,42
1208,2024-02-23,764,740,47,1,0,25,4,12,54,5,15,148,340,43,46
1209,2024-02-24,848,827,10,2,1,2,1,4,68,14,9,213,424,24,55
1210,2024-02-25,753,730,2,1,1,1,1,3,59,6,4,181,414,18,39
1211,2024-02-26,925,904,3,1,1,2,0,8,64,10,18,191,541,30,35
1212,2024-02-27,925,897,0,2,2,0,1,7,73,11,17,226,442,53,63
1213,2024-02-28,899,881,5,1,0,0,1,14,66,7,16,235,442,33,61
1214,2024-02-29,870,809,2,3,0,0,0,10,70,10,16,227,363,42,66
1215,2024-03-01,853,846,3,0,9,0,1,3,73,9,12,173,489,40,34
1216,2024-03-02,795,766,2,0,0,0,0,4,49,4,3,194,459,18,33
1217,2024-03-03,893,796,1,1,0,0,4,7,56,5,8,177,450,39,48
1218,2024-03-04,983,960,1,0,0,0,1,10,65,3,11,185,604,35,45
1219,2024-03-05,984,944,6,3,1,0,0,4,71,11,25,229,474,44,76
1220,2024-03-06,861,852,7,2,2,0,2,3,56,3,18,202,469,38,50
1221,2024-03-07,945,917,3,2,2,0,0,3,61,8,14,244,490,38,52
1222,2024-03-08,734,705,0,0,2,1,2,4,52,9,27,174,363,43,28
1223,2024-03-09,762,726,2,2,1,0,1,3,33,6,6,218,384,41,29
1224,2024-03-10,778,796,3,0,0,0,0,53,53,4,7,219,387,16,54
1225,2024-03-11,937,915,3,2,2,0,0,5,84,12,29,195,506,40,37
1226,2024-03-12,958,914,1,0,1,0,0,6,74,13,30,220,463,43,63
1227,2024-03-13,848,826,1,1,1,0,1,10,61,7,32,219,429,23,41
1228,2024-03-14,799,768,5,0,0,1,0,9,77,7,17,200,344,45,63
1229,2024-03-15,733,716,2,2,0,0,0,1,57,6,18,186,381,40,23
1230,2024-03-16,792,754,2,1,0,0,2,3,76,10,11,159,389,31,70
1231,2024-03-17,816,783,4,1,0,0,0,9,62,4,5,207,400,31,60
1232,2024-03-18,792,773,2,0,0,0,1,8,60,3,25,196,405,42,31
1233,2024-03-19,930,906,0,2,5,0,2,3,68,8,28,234,489,32,35
1234,2024-03-20,695,656,39,1,2,9,0,3,51,9,25,215,251,20,31
1235,2024-03-21,610,580,40,3,2,17,1,4,74,9,22,137,218,27,26
1236,2024-03-22,678,654,24,1,0,5,1,8,65,14,25,139,297,28,47
1237,2024-03-23,664,654,24,1,0,5,1,8,65,14,25,139,297,28,47
1238,2024-03-24,718,684,3,4,1,2,0,7,65,7,10,190,307,22,66
1239,2024-03-25,867,867,1,3,2,0,0,12,76,4,25,198,471,40,35
1240,2024-03-26,922,884,4,4,0,0,0,7,72,17,22,218,451,22,67
1241,2024-03-27,920,889,1,2,1,0,2,8,80,12,18,208,461,40,56
1242,2024-03-28,908,877,5,2,2,1,2,6,52,17,20,206,457,31,76
1243,2024-03-29,819,793,3,1,2,0,0,9,64,6,15,184,450,26,33
1244,2024-03-30,709,688,1,2,0,1,0,6,62,5,5,212,313,19,62
1245,2024-03-31,695,666,3,4,1,0,2,6,50,12,3,156,352,31,46
1246,2024-04-01,930,911,1,0,2,2,0,5,75,8,8,196,540,27,47
1247,2024-04-02,1112,1088,1,2,1,5,1,7,91,16,39,234,592,34,65
1248,2024-04-03,1027,1005,5,2,1,2,5,6,73,10,20,257,513,29,82
1249,2024-04-04,1058,1028,4,2,5,0,1,7,95,12,35,258,498,39,72
1250,2024-04-05,864,838,10,2,3,0,1,9,67,10,25,219,412,34,46
1251,2024-04-06,890,852,1,3,0,1,1,6,73,4,10,241,427,31,54
1252,2024-04-07,850,821,4,2,0,0,1,4,73,5,10,199,423,23,77
1253,2024-04-08,1091,1093,6,0,1,1,2,6,84,7,29,238,619,44,56
1254,2024-04-09,926,909,2,2,4,3,2,6,74,11,48,241,453,22,41
1255,2024-04-10,940,926,5,3,3,0,2,13,98,12,31,237,431,41,50
1256,2024-04-11,1053,1014,0,1,0,0,3,9,82,7,25,269,510,42,66
1257,2024-04-12,905,883,8,2,8,1,2,16,53,12,14,288,389,44,46
1258,2024-04-13,899,873,7,2,0,0,2,5,44,8,10,236,466,27,66
1259,2024-04-14,809,786,6,0,1,4,0,2,50,8,7,218,411,24,55
1260,2024-04-15,1044,1021,13,2,1,4,0,5,60,8,19,211,618,31,49
1261,2024-04-16,974,947,5,2,0,0,2,7,52,13,21,252,502,27,64
1262,2024-04-17,989,958,4,4,2,0,3,12,58,9,22,251,491,47,55
1263,2024-04-18,1241,1214,5,5,3,0,1,5,98,16,24,289,648,32,88
1264,2024-04-19,913,885,12,3,4,0,1,1,70,14,24,209,451,29,67
1265,2024-04-20,704,675,1,0,1,0,0,6,31,6,13,216,317,29,55
1266,2024-04-21,768,741,2,2,0,0,2,1,49,6,10,213,370,23,63
1267,2024-04-22,1231,1195,8,3,3,4,3,14,103,15,37,247,637,29,92
1268,2024-04-23,1114,1087,12,4,2,7,1,4,79,16,21,268,560,45,68
1269,2024-04-24,1132,1092,9,0,4,4,1,11,1,76,30,328,535,39,54
1270,2024-04-25,1133,1108,12,3,2,0,4,8,85,12,36,283,547,25,91
1271,2024-04-26,1059,1034,7,2,2,0,0,4,67,17,16,267,531,48,73
1272,2024-04-27,843,813,1,1,0,2,1,2,42,8,12,247,420,22,55
1273,2024-04-28,886,839,4,0,1,0,0,2,54,7,5,246,398,35,87
1274,2024-04-29,1148,1124,9,3,1,0,6,8,63,9,36,232,658,41,58
1275,2024-04-30,1205,1172,8,5,0,0,1,3,79,12,39,261,639,41,84
1276,2024-05-01,1159,1135,17,2,5,4,1,5,64,9,17,301,620,42,48
1277,2024-05-02,1013,981,15,1,5,1,1,7,66,8,15,282,476,37,67
1278,2024-05-03,1018,995,18,3,2,1,2,5,81,12,18,234,546,33,40
1279,2024-05-04,741,724,9,2,0,0,3,4,48,9,6,225,341,18,59
1280,2024-05-05,733,701,1,0,0,3,0,7,49,6,6,190,359,23,57
1281,2024-05-06,1163,1140,13,2,1,0,1,5,84,16,19,264,637,33,65
1282,2024-05-07,1190,1154,6,3,2,2,1,6,73,16,14,264,629,37,101
1283,2024-05-08,1144,1120,6,2,1,1,4,7,68,13,20,253,633,35,77
1284,2024-05-09,1061,1014,15,3,2,2,2,5,67,5,34,278,503,35,63
1285,2024-05-10,1068,1029,9,1,0,0,5,6,77,11,34,277,488,45,76
1286,2024-05-11,804,777,7,2,1,0,4,2,42,4,14,271,348,22,60
1287,2024-05-12,826,801,0,0,0,0,0,9,53,7,11,277,358,26,60
1288,2024-05-13,1259,1225,14,2,4,7,1,7,99,12,40,314,594,40,91
1289,2024-05-14,1114,1088,6,2,2,0,1,9,76,15,43,357,460,36,81
1290,2024-05-15,1031,1005,11,0,1,3,5,5,80,7,50,346,412,23,62
1291,2024-05-16,1031,985,2,1,2,0,0,9,69,,35,348,390,30,99
1292,2024-05-17,935,893,5,2,0,1,2,4,80,11,40,329,347,40,32
1293,2024-05-18,907,862,7,3,0,2,1,6,44,7,11,307,361,34,79
1294,2024-05-19,640,620,2,1,2,1,0,7,36,4,11,307,294,13,52
1295,2024-05-20,780,758,4,1,0,1,0,17,55,4,45,253,399,29,29
1296,2024-05-21,1141,1112,6,2,3,0,0,7,56,14,75,308,541,33,73
1297,2024-05-22,976,952,14,3,2,3,1,3,49,11,57,310,408,28,66
1298,2024-05-23,955,913,5,3,2,0,2,5,67,16,59,334,331,27,54
1299,2024-05-24,905,885,4,2,2,2,3,18,65,18,57,318,334,32,47
1300,2024-05-25,810,779,4,0,0,0,2,5,40,10,30,315,302,24,47
1301,2024-05-26,701,659,3,1,0,0,1,7,36,4,25,286,237,14,45
1302,2024-05-27,1208,1173,7,0,3,1,1,8,80,12,75,417,444,29,96
1303,2024-05-28,1119,1085,6,1,2,0,2,9,71,18,66,351,454,33,72
1304,2024-05-29,917,891,3,0,3,1,0,4,52,18,45,320,349,38,58
1305,2024-05-30,899,860,4,4,2,0,4,4,68,15,62,324,292,28,53
1306,2024-05-31,1027,997,2,1,3,0,2,11,80,11,51,380,371,24,61
1307,2024-06-01,859,830,4,2,0,1,0,3,44,16,20,334,317,30,59
1308,2024-06-02,759,731,4,2,0,0,0,3,37,5,22,299,291,32,36
1309,2024-06-03,1072,1043,6,4,5,2,0,13,60,9,70,314,476,16,68
1310,2024-06-04,1032,1006,9,2,2,0,5,6,68,9,75,332,396,37,65
1311,2024-06-05,994,946,8,6,2,0,0,12,64,7,47,278,432,31,59
1312,2024-06-06,970,884,5,1,2,0,1,17,8,17,64,317,362,28,62
1313,2024-06-07,999,969,3,2,3,0,0,9,63,11,53,323,417,32,53
1314,2024-06-08,775,750,8,1,0,1,0,7,43,10,15,276,322,25,42
1315,2024-06-09,824,789,3,2,0,0,1,5,31,6,21,316,319,30,55
1316,2024-06-10,1065,1027,5,2,1,0,4,4,46,10,73,323,447,37,75
1317,2024-06-11,1031,984,11,3,2,3,1,6,56,11,66,334,375,44,72
1318,2024-06-12,1022,996,4,2,1,1,1,8,49,9,48,353,382,51,87
1319,2024-06-13,1076,1024,3,5,5,1,2,4,55,4,50,342,430,39,84
1320,2024-06-14,852,820,14,2,3,1,1,3,66,13,46,227,349,36,59
1321,2024-06-15,663,628,5,0,0,,1,7,25,6,22,284,206,37,35
1322,2024-06-16,660,633,6,0,0,0,0,8,43,7,11,246,261,23,28
1323,2024-06-17,1104,1084,11,1,0,3,4,11,62,13,78,322,486,41,52
1324,2024-06-18,963,937,4,3,2,2,1,6,67,9,78,285,364,53,63
1325,2024-06-19,963,937,4,3,2,2,1,6,67,9,78,285,364,53,63
1326,2024-06-20,1126,1106,5,1,5,0,2,13,64,8,53,363,485,35,72
1327,2024-06-21,1065,1034,4,0,1,0,1,16,67,20,45,319,452,42,67
1328,2024-06-22,861,837,2,3,0,0,1,9,51,11,15,358,302,35,50
1329,2024-06-23,752,716,5,1,0,0,0,1,37,5,19,309,268,24,47
1330,2024-06-24,1241,1198,6,1,3,2,2,10,68,9,86,353,521,40,97
1331,2024-06-25,1150,1115,2,2,2,1,0,11,76,25,45,273,567,38,73
1332,2024-06-26,1048,1016,2,4,1,0,5,16,86,11,62,310,423,30,66
1333,2024-06-27,1105,1074,3,2,2,0,3,11,82,15,46,353,452,35,70
1334,2024-06-28,999,952,1,3,2,0,1,10,81,17,50,293,405,41,48
1335,2024-06-29,838,798,6,0,0,1,1,6,41,6,32,373,256,36,40
1336,2024-06-30,795,759,2,3,0,0,2,4,39,6,23,299,299,26,56
1337,2024-07-01,980,953,2,1,0,1,0,8,41,9,36,274,503,29,49
1338,2024-07-02,1268,1221,7,2,4,1,1,8,88,10,86,372,503,35,104
1339,2024-07-03,1216,1188,4,2,5,0,1,20,74,17,76,301,583,29,76
1340,2024-07-04,1216,1067,3,6,1,0,0,11,94,15,63,347,441,36,50
1341,2024-07-05,1171,1135,11,1,1,1,0,11,80,9,61,370,475,46,69
1342,2024-07-06,878,835,14,1,0,0,1,8,38,4,22,287,370,25,65
1343,2024-07-07,733,692,6,3,1,4,0,2,54,13,19,252,277,23,38
1344,2024-07-08,1114,1078,11,5,1,1,0,4,80,10,90,332,431,50,63
1345,2024-07-09,1032,1005,9,5,1,0,1,3,71,19,71,347,369,34,75
1346,2024-07-10,997,956,6,0,0,2,1,7,64,11,51,289,425,51,49
1347,2024-07-11,1020,994,8,4,1,1,4,12,76,13,44,298,425,50,58
1348,2024-07-12,889,859,8,3,2,1,1,3,85,5,62,264,310,48,67
1349,2024-07-13,689,659,2,1,0,3,0,6,49,6,12,289,235,24,32
1350,2024-07-14,715,671,1,2,0,1,1,9,26,8,14,244,279,32,54
1351,2024-07-15,1071,1025,7,3,2,1,0,8,61,15,97,308,399,48,76
1352,2024-07-16,989,949,9,6,2,3,1,4,75,6,65,299,378,42,59
1353,2024-07-17,919,901,6,2,0,1,0,9,73,16,61,236,408,32,57
1354,2024-07-18,964,927,8,2,2,1,1,2,94,5,57,343,341,33,38
1355,2024-07-19,961,941,7,3,0,1,1,9,71,9,89,346,340,29,36
1356,2024-07-20,777,743,6,1,0,3,0,10,55,10,27,269,285,22,55
1357,2024-07-21,708,687,0,2,0,0,0,2,32,7,17,219,357,24,27
1358,2024-07-22,1197,1165,2,0,2,0,0,6,91,15,74,320,528,37,90
1359,2024-07-23,1120,1093,4,0,1,1,1,8,72,11,50,414,397,62,72
1360,2024-07-24,1008,987,6,1,3,2,0,4,65,7,79,374,360,40,46
1361,2024-07-25,1059,1045,5,1,0,1,4,13,82,20,70,385,370,40,54
1362,2024-07-26,1015,1000,4,4,0,1,0,10,72,10,54,327,413,43,62
1363,2024-07-27,690,678,8,1,0,0,0,7,46,10,16,289,232,24,45
1364,2024-07-28,701,676,6,1,0,3,2,9,43,5,19,239,274,30,45
1365,2024-07-29,1114,1097,13,2,2,3,1,10,95,20,103,293,454,44,57
1366,2024-07-30,1062,1050,5,3,4,1,3,7,74,8,89,275,442,58,81
1367,2024-07-31,1048,1030,5,1,1,3,3,4,66,12,74,385,388,44,44
1368,2024-08-01,1014,960,5,2,0,1,0,14,77,16,66,343,341,35,60
1369,2024-08-02,1020,994,7,2,3,3,1,1,78,12,58,361,374,41,53
1370,2024-08-03,684,637,5,2,0,1,0,3,31,5,18,322,195,20,35
1371,2024-08-04,836,808,2,2,0,0,0,8,46,6,33,315,318,32,46
1372,2024-08-05,1006,986,6,2,0,2,0,8,42,4,52,307,458,51,54
1373,2024-08-06,1134,1104,2,1,1,0,2,10,75,2,85,307,488,58,73
1374,2024-08-07,1172,1143,13,1,2,1,2,7,71,6,84,385,456,47,68
1375,2024-08-08,1090,1051,9,5,1,2,0,3,77,9,71,385,384,40,65
1376,2024-08-09,1128,1105,6,1,1,1,0,6,77,14,92,424,388,39,56
1377,2024-08-10,784,764,2,1,0,0,1,8,34,6,28,327,273,26,58
1378,2024-08-11,868,837,4,2,2,0,2,4,35,1,21,278,398,36,54
1379,2024-08-12,1195,1167,8,1,3,3,1,6,85,11,88,362,481,46,72
1380,2024-08-13,1129,1116,33,0,5,3,0,11,83,9,38,335,495,41,63
1381,2024-08-14,1164,1128,13,4,3,2,0,10,76,11,88,392,416,44,69
1382,2024-08-15,1106,1074,8,2,1,0,2,5,66,17,73,412,392,39,57
1383,2024-08-16,990,950,5,1,0,1,1,6,32,11,16,306,485,38,48
1384,2024-08-17,838,816,3,1,0,0,2,13,61,22,38,304,306,20,46
1385,2024-08-18,791,761,5,2,0,1,0,5,53,1,23,300,291,32,48
1386,2024-08-19,1122,1094,2,3,1,0,1,7,72,9,104,327,473,39,56
1387,2024-08-20,1037,1007,4,2,1,3,2,13,86,5,76,320,381,34,80
1388,2024-08-21,1064,1047,9,7,3,1,4,10,69,5,66,308,449,36,80
1389,2024-08-22,1051,1020,9,3,3,0,0,2,70,10,41,308,457,44,73
1390,2024-08-23,992,970,6,2,1,2,0,11,68,13,65,336,369,38,59
1391,2024-08-24,720,663,6,0,0,2,0,5,28,13,21,326,192,24,46
1392,2024-08-25,707,682,8,1,0,1,0,7,37,2,22,249,298,16,41
1393,2024-08-26,1163,1135,9,2,0,0,3,9,83,23,117,301,459,44,85
1394,2024-08-27,994,962,6,0,2,3,0,7,60,15,85,279,401,35,69
1395,2024-08-28,1062,1026,6,3,3,0,1,9,63,13,82,341,388,44,73
1396,2024-08-29,1013,980,11,0,2,3,2,5,69,16,84,313,391,29,55
1397,2024-08-30,882,859,7,4,3,0,0,6,76,6,74,313,296,30,44
1398,2024-08-31,834,801,8,1,1,2,1,9,53,1,31,347,262,26,59
1399,2024-09-01,726,699,6,2,0,0,2,2,48,5,20,261,277,31,45
1400,2024-09-02,880,849,9,0,0,4,1,7,53,5,65,258,353,42,52
1401,2024-09-03,1089,1060,11,0,7,2,0,7,72,12,98,344,382,60,65
1402,2024-09-04,907,878,13,0,5,4,0,13,48,3,84,262,372,34,40
1403,2024-09-05,1046,1010,9,1,0,1,0,5,74,16,89,322,378,46,69
1404,2024-09-06,1045,1023,11,1,1,2,1,9,69,12,85,344,387,41,60
1405,2024-09-07,914,876,5,3,0,0,1,8,52,6,27,347,368,28,31
1406,2024-09-08,768,737,9,0,1,2,1,4,41,5,26,338,234,37,39
1407,2024-09-09,1057,1025,3,2,1,1,2,9,57,10,101,337,423,33,46
1408,2024-09-10,1088,1055,11,0,4,1,0,9,61,7,71,326,483,30,52
1409,2024-09-11,931,917,11,2,3,2,1,8,65,4,69,308,368,24,52
1410,2024-09-12,942,926,15,2,2,1,2,13,64,7,53,336,365,30,36
1411,2024-09-13,1080,1040,7,2,1,3,2,7,89,13,68,352,402,38,56
1412,2024-09-14,705,663,7,2,1,0,0,4,45,0,32,291,229,16,36
1413,2024-09-15,737,712,4,1,0,0,0,6,31,1,19,275,311,29,35
1414,2024-09-16,1094,983,5,4,1,0,1,11,61,18,71,288,440,36,47
1415,2024-09-17,889,868,5,0,1,2,0,5,60,13,68,295,330,43,46
1416,2024-09-18,950,934,8,0,6,3,2,5,80,10,71,258,406,37,48
1417,2024-09-19,981,909,6,2,0,1,2,8,60,7,63,335,308,51,66
1418,2024-09-20,998,967,7,0,3,0,0,7,74,7,55,400,327,39,48
1419,2024-09-21,827,798,0,0,0,0,0,10,50,6,21,302,347,17,45
1420,2024-09-22,751,736,4,2,0,5,0,8,27,2,29,267,306,31,55
1421,2024-09-23,1054,1026,4,1,1,0,6,9,61,13,76,290,457,40,68
1422,2024-09-24,1086,1063,11,1,0,2,1,8,67,7,66,400,393,36,71
1423,2024-09-25,1007,985,8,2,0,4,0,9,64,7,73,346,389,26,57
1424,2024-09-26,998,967,5,3,0,1,2,6,63,7,46,291,465,31,47
1425,2024-09-27,901,866,7,1,0,1,3,7,53,12,63,300,338,31,50
1426,2024-09-28,798,764,5,3,0,0,1,6,42,1,27,295,298,29,57
1427,2024-09-29,825,791,2,4,0,1,0,7,31,9,13,189,462,23,50
1428,2024-09-30,1010,987,6,3,3,0,2,11,50,7,73,321,429,38,44
1429,2024-10-01,1082,1051,11,1,5,6,1,7,54,4,67,350,430,47,68
1430,2024-10-02,953,919,11,2,1,1,3,13,52,12,61,324,369,33,37
1431,2024-10-03,924,900,7,2,2,1,0,2,57,9,65,295,369,34,57
1432,2024-10-04,1046,993,6,1,2,0,1,6,74,8,43,333,414,36,69
1433,2024-10-05,825,787,3,1,1,0,0,17,42,10,18,252,342,36,65
1434,2024-10-06,730,704,5,0,0,2,2,8,44,4,20,226,339,16,38
1435,2024-10-07,1016,982,9,1,0,0,1,7,63,10,58,300,448,28,57
1436,2024-10-08,1075,1052,4,2,4,0,1,8,59,8,82,301,459,53,71
1437,2024-10-09,983,954,5,1,1,0,1,9,39,10,115,364,335,39,35
1438,2024-10-10,1074,1032,5,3,3,3,1,5,55,17,87,366,387,38,62
1439,2024-10-11,940,921,8,2,1,0,0,4,70,9,82,284,385,25,51
1440,2024-10-12,749,716,4,3,1,1,1,4,34,5,30,241,337,21,34
1441,2024-10-13,706,675,7,1,0,0,0,6,32,7,24,304,242,21,31
1442,2024-10-14,817,794,1,3,0,0,2,4,24,1,50,290,350,45,24
1443,2024-10-15,1036,1011,6,1,4,1,1,5,46,13,85,284,450,56,59
1444,2024-10-16,1128,1082,3,2,1,3,2,12,75,16,60,395,408,41,64
1445,2024-10-17,1078,1057,3,0,1,0,1,15,61,6,46,383,462,32,47
1446,2024-10-18,936,923,2,1,4,0,1,2,53,12,60,320,397,24,47
1447,2024-10-19,806,773,2,2,0,1,0,10,38,1,27,289,308,56,39
1448,2024-10-20,769,746,4,2,0,0,1,6,40,3,30,293,294,25,48
1449,2024-10-21,970,960,6,3,1,0,1,4,59,6,118,296,394,22,50
1450,2024-10-22,954,927,6,0,3,3,0,10,47,6,51,314,408,34,45
1451,2024-10-23,1002,960,4,3,2,2,4,7,41,4,68,345,381,40,59
1452,2024-10-24,970,945,4,1,0,0,1,4,63,5,69,308,390,45,55
1453,2024-10-25,805,785,3,0,0,1,1,7,37,5,61,295,312,25,38
1454,2024-10-26,749,717,4,1,0,1,2,7,40,4,30,263,280,38,47
1455,2024-10-27,705,689,6,0,0,0,1,4,34,3,20,305,260,21,35
1456,2024-10-28,1007,994,2,1,3,0,1,3,75,12,81,300,434,25,57
1457,2024-10-29,1040,1005,9,4,2,0,5,5,51,5,78,315,397,49,85
1458,2024-10-30,997,984,8,1,2,6,0,9,65,11,49,260,480,26,67
1459,2024-10-31,933,917,4,1,0,0,0,6,51,9,47,335,372,38,54
1460,2024-11-01,931,916,9,1,3,1,1,8,46,6,54,371,309,35,72
1461,2024-11-02,866,837,13,0,0,4,2,11,39,6,13,325,328,39,57
1462,2024-11-03,752,729,5,2,1,1,3,8,35,7,29,299,266,41,32
1463,2024-11-04,1048,1032,17,1,1,4,2,6,56,15,92,383,393,20,42
1464,2024-11-05,995,975,6,2,0,4,4,9,60,17,77,337,371,33,55
1465,2024-11-06,887,868,14,3,0,1,1,4,62,9,59,298,330,28,59
1466,2024-11-07,801,782,4,4,1,5,1,3,36,23,61,243,315,43,43
1467,2024-11-08,906,888,6,0,0,5,1,4,64,8,54,340,328,29,49
1468,2024-11-09,752,729,9,1,0,2,2,9,46,5,18,273,290,28,46
1469,2024-11-10,610,599,6,2,0,1,1,1,47,11,19,244,209,20,38
1470,2024-11-11,931,925,7,4,2,1,2,16,59,12,93,271,378,22,58
1471,2024-11-12,927,918,10,2,1,4,3,6,58,13,74,289,345,30,83
1472,2024-11-13,979,964,14,3,2,0,3,7,85,16,62,304,397,19,52
1473,2024-11-14,1001,979,5,0,3,0,1,4,79,10,71,362,354,47,43
1474,2024-11-15,944,909,24,1,1,2,2,8,53,4,48,324,355,28,59
1475,2024-11-16,725,703,20,3,0,3,1,3,66,6,25,269,243,22,42
1476,2024-11-17,644,630,9,10,0,2,0,1,26,1,26,259,246,19,31
1477,2024-11-18,992,969,32,3,3,15,2,6,64,9,61,280,396,29,69
1478,2024-11-19,793,779,28,2,1,11,1,4,57,11,53,209,321,39,42
1479,2024-11-20,759,742,33,2,2,8,1,5,51,10,70,225,264,19,52
1480,2024-11-21,709,700,36,1,1,12,3,8,56,12,54,208,214,35,60
1481,2024-11-22,670,654,23,2,1,4,4,4,59,14,44,224,217,18,40
1482,2024-11-23,529,503,24,1,1,6,2,4,44,8,23,195,139,26,30
1483,2024-11-24,507,500,11,3,1,2,0,4,38,5,26,177,176,22,35
1484,2024-11-25,796,776,15,5,3,3,3,10,65,7,97,250,257,22,39
1485,2024-11-26,860,826,23,3,5,6,0,16,75,19,57,220,297,34,71
1486,2024-11-27,720,700,24,1,0,6,1,9,53,7,79,230,204,35,51
1487,2024-11-28,657,628,21,1,1,0,1,7,73,8,46,211,231,14,36
1488,2024-11-29,649,634,21,3,2,7,1,9,61,10,47,196,222,20,35
1489,2024-11-30,638,627,11,0,1,2,0,8,65,4,22,209,211,31,63
1490,2024-12-01,462,449,22,2,0,20,0,2,41,6,13,156,141,14,32
1491,2024-12-02,601,592,52,3,1,16,3,6,71,11,75,113,177,14,50
1492,2024-12-03,678,660,63,0,3,21,1,10,88,11,60,123,180,22,78
1493,2024-12-04,656,582,40,1,1,19,3,7,78,12,46,105,185,26,59
1494,2024-12-05,611,504,30,1,1,8,1,10,65,10,37,118,148,31,44
1495,2024-12-06,639,554,3,1,0,1,2,4,72,8,35,150,217,19,42
1496,2024-12-07,585,524,6,3,0,3,3,3,49,5,21,175,172,23,61
1497,2024-12-08,523,435,7,3,0,0,1,11,31,8,19,136,170,14,35
1498,2024-12-09,837,739,7,3,3,3,3,13,66,17,79,219,252,31,43
1499,2024-12-10,800,692,10,2,1,8,1,6,50,9,57,218,257,27,46
1500,2024-12-11,799,692,10,2,1,8,1,6,50,9,57,218,257,27,46
1501,2024-12-12,710,620,56,0,2,25,1,5,80,6,38,159,171,29,48
1502,2024-12-13,559,502,42,1,1,10,1,16,59,4,30,105,190,17,26
1503,2024-12-14,441,409,7,1,0,0,0,11,39,2,17,146,131,23,32
1504,2024-12-15,471,396,3,0,1,1,3,6,51,7,15,156,116,13,24
1505,2024-12-16,693,610,23,2,0,6,0,9,58,15,31,159,253,18,36
1506,2024-12-17,735,652,32,6,2,4,0,6,56,7,36,174,247,29,53
1507,2024-12-18,705,642,36,1,1,5,2,6,74,4,36,147,254,25,51
1508,2024-12-19,650,560,67,5,1,12,2,8,41,17,49,124,143,34,57
1509,2024-12-20,426,387,38,4,1,26,1,5,61,4,23,53,127,14,30
1510,2024-12-21,292,259,36,1,0,12,2,6,54,4,12,37,47,15,33
1511,2024-12-22,316,273,53,0,0,9,2,3,40,3,15,42,51,23,32
1512,2024-12-23,607,547,34,1,1,5,3,6,53,7,47,98,218,24,50
1513,2024-12-24,572,522,16,2,0,0,6,7,74,17,36,110,189,23,42
1514,2024-12-25,452,415,19,2,0,1,0,5,44,9,23,130,138,24,20
1515,2024-12-26,713,586,15,1,0,5,0,3,30,10,32,207,220,19,44
1516,2024-12-27,686,616,12,0,0,2,0,8,52,11,32,188,242,27,42
1517,2024-12-28,585,497,9,2,0,1,2,13,41,10,30,157,175,18,39
1518,2024-12-29,568,506,13,1,0,0,3,8,48,1,10,154,220,16,32
1519,2024-12-30,736,670,28,1,0,0,2,13,56,11,28,177,282,34,38
1520,2024-12-31,614,566,14,2,0,4,0,14,47,4,31,150,229,31,40
1521,2025-01-01,557,514,20,1,0,2,1,3,41,11,32,172,185,23,23
1522,2025-01-02,702,641,40,3,0,11,1,13,67,20,69,189,156,31,41
1523,2025-01-03,709,661,60,1,2,13,1,9,74,6,66,193,133,17,86
1524,2025-01-04,348,322,51,3,0,22,1,6,47,5,21,68,62,12,24
1525,2025-01-05,361,310,47,0,0,25,3,3,40,7,15,53,62,13,42
1526,2025-01-06,612,566,56,1,4,27,2,7,86,10,71,93,152,20,37
1527,2025-01-07,510,469,63,1,0,29,1,6,61,3,48,54,153,21,29
1528,2025-01-08,616,565,28,1,1,11,1,9,62,12,60,138,175,18,49
1529,2025-01-09,606,546,33,1,,11,12,3,68,14,58,153,129,18,46
1530,2025-01-10,600,522,36,4,,7,13,1,50,9,41,130,158,26,47
1531,2025-01-11,563,479,39,3,,9,23,2,49,6,18,149,121,21,39
1532,2025-01-12,437,389,27,2,,6,12,1,54,1,11,137,100,17,21
1533,2025-01-13,714,681,44,2,,16,2,17,64,6,61,187,206,23,53
1534,2025-01-14,664,614,19,1,,7,1,12,70,14,45,178,189,18,60
1535,2025-01-15,645,594,33,2,,14,2,10,56,10,42,163,191,37,34
1536,2025-01-16,653,547,36,5,,13,4,18,48,14,25,110,176,29,69
1537,2025-01-17,593,547,39,1,1,15,5,9,75,11,40,157,137,24,33
1538,2025-01-18,451,412,63,3,2,22,1,10,44,4,14,121,63,16,49
1539,2025-01-19,325,290,53,2,0,15,2,6,45,4,16,32,69,13,33
1540,2025-01-20,666,599,63,2,5,27,2,15,55,17,69,83,189,22,50
1541,2025-01-21,582,528,65,2,1,19,2,6,75,11,48,80,150,24,45
1542,2025-01-22,583,491,56,3,1,29,2,13,73,14,39,79,118,11,53
1543,2025-01-23,517,484,57,1,3,37,2,12,78,16,42,69,100,21,46
1544,2025-01-24,504,449,54,2,1,18,1,6,63,13,27,48,111,21,84
1545,2025-01-25,430,392,14,1,1,6,0,5,55,6,18,156,59,17,54
1546,2025-01-26,430,415,14,3,1,2,2,4,44,5,11,170,108,15,36
1547,2025-01-27,906,835,7,3,1,5,5,18,79,13,46,223,356,23,56
1548,2025-01-28,682,640,11,1,0,7,4,16,73,9,42,190,218,18,51
1549,2025-01-29,703,669,13,0,0,4,8,12,54,11,63,208,229,20,47
1550,2025-01-30,628,579,12,0,2,0,2,8,63,9,47,168,212,13,43
1551,2025-01-31,592,528,33,1,3,9,0,9,50,10,31,189,142,15,36
1552,2025-02-01,455,416,26,5,1,4,0,3,50,3,17,158,113,10,26
1553,2025-02-02,480,430,26,3,2,5,6,7,38,2,18,125,134,16,48
1554,2025-02-03,650,610,38,1,4,5,6,15,57,9,59,155,200,23,38
1555,2025-02-04,659,602,56,4,1,8,6,15,72,10,28,127,197,22,56
1556,2025-02-05,494,455,47,0,0,13,3,10,57,7,26,105,146,15,26
1557,2025-02-06,566,524,37,1,0,9,0,8,43,11,29,130,193,19,44
1558,2025-02-07,533,496,46,3,3,12,0,13,40,9,39,133,139,24,35
1559,2025-02-08,447,426,19,3,1,4,0,16,50,5,21,147,125,12,23
1560,2025-02-09,462,434,13,1,0,3,0,7,41,1,35,187,106,13,27
1561,2025-02-10,836,777,34,0,5,3,1,13,98,13,35,203,294,25,53
1562,2025-02-11,625,590,28,4,3,12,3,14,74,8,67,145,180,21,31
1563,2025-02-12,591,545,48,3,3,15,3,9,60,18,48,113,162,23,40
1564,2025-02-13,530,493,36,3,0,12,1,10,65,16,48,134,116,18,34
1565,2025-02-14,477,432,49,2,3,10,2,12,54,2,39,81,137,16,25
1566,2025-02-15,380,345,47,2,1,29,1,11,71,8,19,72,42,15,27
1567,2025-02-16,325,277,28,1,0,10,0,3,46,5,17,85,50,5,27
1568,2025-02-17,454,418,26,1,1,8,1,7,49,8,41,91,131,16,38
1569,2025-02-18,579,509,30,2,1,9,2,12,64,5,42,136,142,25,39
1570,2025-02-19,570,524,39,3,1,12,1,19,89,12,25,114,140,21,48
1571,2025-02-20,538,499,30,7,4,6,1,19,50,10,41,109,170,18,34
1572,2025-02-21,572,516,47,1,1,22,5,8,88,8,31,122,129,16,38
1573,2025-02-22,491,454,10,1,0,1,2,12,55,4,16,147,171,14,21
1574,2025-02-23,488,461,7,2,0,1,1,5,44,6,8,167,189,10,21
1575,2025-02-24,769,717,11,2,3,,1,10,78,17,50,235,237,20,53
1576,2025-02-25,666,660,16,2,1,,1,58,58,10,42,191,232,21,28
1577,2025-02-26,641,586,11,2,0,2,5,5,62,12,35,154,252,16,30
1578,2025-02-27,654,589,63,1,1,25,0,7,70,10,32,159,144,18,59
1579,2025-02-28,543,484,38,0,1,9,2,10,56,11,41,150,120,20,26
