Date/Time,Max Temp (°C),Min Temp (°C),Mean Temp (°C),Total Rain (mm),Total Snow (cm),Snow on Grnd (cm)
2021-01-01,2.5,-1.0,0.7,,,
2021-01-02,2.2,-0.9,0.7,,,0
2021-01-03,2.1,0.2,1.1,,,0
2021-01-04,1.7,-0.1,0.8,,,
2021-01-05,1.6,0.6,1.1,,,
2021-01-06,2.1,-0.3,0.9,,,
2021-01-07,0.8,-4.8,-2.0,,,
2021-01-08,-1.3,-8.3,-4.8,,,
2021-01-09,4.1,-2.4,0.8,,,
2021-01-10,2.1,-2.0,0.1,,,
2021-01-11,1.2,-3.1,-1.0,,,
2021-01-12,0.0,-1.1,-0.5,,,
2021-01-13,3.6,-0.5,1.5,,,
2021-01-14,5.2,1.7,3.4,,,
2021-01-15,5.6,2.7,4.2,,,
2021-01-16,5.0,-0.3,2.3,,,
2021-01-17,5.1,-0.6,2.3,,,
2021-01-18,1.2,-2.3,-0.5,,,
2021-01-19,2.2,-2.2,0.0,,,0
2021-01-20,-0.8,-7.1,-4.0,,,
2021-01-21,4.0,-0.8,1.6,,,
2021-01-22,2.6,-6.4,-1.9,,,
2021-01-23,-4.0,-10.6,-7.3,,,
2021-01-24,-1.8,-6.2,-4.0,,,
2021-01-25,2.3,-2.1,0.1,,,
2021-01-26,0.9,-3.9,-1.5,,,
2021-01-27,-2.5,-8.3,-5.4,,,6
2021-01-28,-6.7,-12.1,-9.4,,,4
2021-01-29,-6.6,-12.2,-9.4,,,4
2021-01-30,-2.0,-10.5,-6.3,,,4
2021-01-31,-4.2,-8.8,-6.5,,,4
2021-02-01,-2.0,-9.6,-5.8,,,4
2021-02-02,0.0,-7.7,-3.9,,,3
2021-02-03,1.0,-5.9,-2.5,,,3
2021-02-04,4.0,-3.9,0.1,,,3
2021-02-05,3.1,-6.6,-1.7,,,2
2021-02-06,-5.1,-8.1,-6.6,,,2
2021-02-07,-5.2,-11.6,-8.4,,,4
2021-02-08,-5.7,-11.7,-8.7,,,3
2021-02-09,-2.4,-8.8,-5.6,,,4
2021-02-10,-4.2,-10.1,-7.2,,,3
2021-02-11,-2.8,-9.8,-6.3,,,3
2021-02-12,-8.1,-13.5,-10.8,,,2
2021-02-13,-8.6,-11.8,-10.2,,,4
2021-02-14,-3.0,-11.2,-7.1,,,8
2021-02-15,-2.8,-8.4,-5.6,,,6
2021-02-16,-6.4,-12.0,-9.2,,,16
2021-02-17,-2.5,-12.7,-7.6,,,14
2021-02-18,-2.6,-6.2,-4.4,,,13
2021-02-19,-1.7,-5.6,-3.6,,,19
2021-02-20,-0.9,-7.3,-4.1,,,20
2021-02-21,0.1,-8.5,-4.2,,,18
2021-02-22,3.5,-0.3,1.6,,,20
2021-02-23,5.3,0.2,2.7,,,16
2021-02-24,9.1,0.7,4.9,,,14
2021-02-25,2.2,-2.6,-0.2,,,9
2021-02-26,3.3,-3.8,-0.3,,,8
2021-02-27,6.4,1.0,3.7,,,7
2021-02-28,7.3,0.8,4.1,,,6
2021-03-01,6.5,-9.6,-1.5,,,1
2021-03-02,1.0,-12.8,-5.9,,,1
2021-03-03,8.0,-0.7,3.6,,,
2021-03-04,1.8,-7.0,-2.6,,,
2021-03-05,1.7,-8.8,-3.6,,,0
2021-03-06,-0.9,-6.6,-3.8,,,
2021-03-07,0.0,-7.8,-3.9,,,
2021-03-08,9.4,-6.4,1.5,,,
2021-03-09,10.7,1.2,6.0,,,
2021-03-10,14.1,3.2,8.7,,,
2021-03-11,18.8,6.8,12.8,,,
2021-03-12,12.4,-3.3,4.6,,,
2021-03-13,6.1,-5.1,0.5,,,
2021-03-14,3.8,-4.7,-0.5,,,
2021-03-15,-0.6,-7.8,-4.2,,,
2021-03-16,2.8,-1.2,0.8,,,
2021-03-17,8.7,2.0,5.4,,,
2021-03-18,8.0,-1.1,3.5,,,
2021-03-19,3.5,-4.2,-0.4,,,
2021-03-20,13.0,-0.3,6.3,,,
2021-03-21,15.6,2.3,8.9,,,
2021-03-22,16.1,3.5,9.8,,,
2021-03-23,15.1,6.1,10.6,,,
2021-03-24,14.9,7.9,11.4,,,
2021-03-25,19.6,8.5,14.1,,,
2021-03-26,10.3,4.0,7.1,,,0
2021-03-27,7.5,4.2,5.8,,,
2021-03-28,10.2,2.8,6.5,,,
2021-03-29,7.3,0.2,3.7,,,
2021-03-30,18.4,2.6,10.5,,,
2021-03-31,14.7,1.1,7.9,,,
2021-04-01,3.1,-1.7,0.7,,,
2021-04-02,4.9,-3.5,0.7,,,
2021-04-03,8.9,-1.9,3.5,,,
2021-04-04,12.3,1.5,6.9,,,
2021-04-05,12.6,7.0,9.8,,,
2021-04-06,12.9,7.5,10.2,,,
2021-04-07,15.7,8.0,11.8,,,
2021-04-08,19.4,10.4,14.9,,,
2021-04-09,16.9,12.5,14.7,,,
2021-04-10,19.1,11.3,15.2,,,
2021-04-11,16.5,10.2,13.3,,,
2021-04-12,10.9,6.7,8.8,,,
2021-04-13,14.1,7.1,10.6,,,
2021-04-14,15.4,5.4,10.4,,,
2021-04-15,8.8,5.1,7.0,,,
2021-04-16,10.8,5.1,8.0,,,
2021-04-17,12.1,3.9,8.0,,,
2021-04-18,13.6,4.2,8.9,,,
2021-04-19,16.3,4.9,10.6,,,
2021-04-20,6.6,-0.4,3.1,,,
2021-04-21,4.3,-1.4,1.5,,,
2021-04-22,5.9,-0.7,2.6,,,
2021-04-23,19.0,0.8,9.9,,,
2021-04-24,16.8,7.9,12.3,,,
2021-04-25,12.6,1.7,7.2,,,
2021-04-26,8.2,0.2,4.2,,,
2021-04-27,11.4,5.5,8.5,,,
2021-04-28,16.7,8.3,12.5,,,
2021-04-29,10.8,8.1,9.5,,,
2021-04-30,9.7,4.8,7.3,,,
2021-05-01,12.7,2.0,7.4,,,
2021-05-02,17.0,9.0,13.0,,,
2021-05-03,13.3,7.7,10.5,,,
2021-05-04,11.7,7.2,9.4,,,
2021-05-05,13.1,6.1,9.6,,,
2021-05-06,12.8,4.6,8.7,,,
2021-05-07,10.1,5.1,7.6,,,
2021-05-08,14.5,4.4,9.4,,,
2021-05-09,12.3,4.2,8.2,,,
2021-05-10,15.2,3.7,9.4,,,
2021-05-11,12.6,3.6,8.1,,,
2021-05-12,18.0,6.3,12.2,,,
2021-05-13,19.3,8.9,14.1,,,
2021-05-14,21.4,8.5,14.9,,,
2021-05-15,22.2,9.2,15.7,,,
2021-05-16,22.7,11.7,17.2,,,
2021-05-17,23.7,11.1,17.4,,,
2021-05-18,26.6,13.3,19.9,,,
2021-05-19,28.0,15.4,21.7,,,
2021-05-20,30.2,18.0,24.1,,,
2021-05-21,30.7,18.4,24.5,,,
2021-05-22,28.0,20.4,24.2,,,
2021-05-23,25.3,15.5,20.4,,,
2021-05-24,20.9,13.0,16.9,,,
2021-05-25,30.8,15.1,22.9,,,
2021-05-26,25.6,11.7,18.7,,,
2021-05-27,18.2,9.4,13.8,,,
2021-05-28,11.1,3.1,7.1,,,
2021-05-29,15.5,5.2,10.3,,,
2021-05-30,18.7,8.4,13.5,,,
2021-05-31,21.6,8.4,15.0,,,
2021-06-01,24.8,14.6,19.7,,,
2021-06-02,25.0,13.4,19.2,,,
2021-06-03,21.4,14.8,18.1,,,
2021-06-04,25.3,15.0,20.1,,,
2021-06-05,32.4,17.8,25.1,,,
2021-06-06,30.5,18.9,24.7,,,
2021-06-07,29.6,19.1,24.4,,,
2021-06-08,26.3,20.0,23.2,,,
2021-06-09,28.8,20.6,24.7,,,
2021-06-10,23.7,18.6,21.2,,,
2021-06-11,23.6,17.7,20.7,,,
2021-06-12,25.2,17.4,21.3,,,
2021-06-13,26.9,16.7,21.8,,,
2021-06-14,22.3,16.1,19.2,,,
2021-06-15,22.9,15.5,19.2,,,
2021-06-16,22.4,12.3,17.4,,,
2021-06-17,24.1,11.1,17.6,,,
2021-06-18,23.3,16.9,20.1,,,
2021-06-19,30.8,17.0,23.9,,,
2021-06-20,26.4,15.7,21.1,,,
2021-06-21,28.9,12.7,20.8,,,
2021-06-22,19.8,11.1,15.5,,,
2021-06-23,22.9,10.6,16.8,,,
2021-06-24,27.0,16.4,21.7,,,
2021-06-25,24.4,18.6,21.5,,,
2021-06-26,26.0,18.6,22.3,,,
2021-06-27,29.1,20.7,24.9,,,
2021-06-28,32.6,21.9,27.2,,,
2021-06-29,30.1,20.5,25.3,,,
2021-06-30,28.7,20.1,24.4,,,
2021-07-01,25.5,17.6,21.6,,,
2021-07-02,24.7,16.6,20.7,,,
2021-07-03,24.6,15.4,20.0,,,
2021-07-04,24.0,17.4,20.7,,,
2021-07-05,29.3,18.9,24.1,,,
2021-07-06,33.2,24.1,28.6,,,
2021-07-07,25.1,16.3,20.7,,,
2021-07-08,18.9,15.5,17.2,,,
2021-07-09,20.1,17.0,18.6,,,
2021-07-10,24.4,14.6,19.5,,,
2021-07-11,20.9,18.1,19.5,,,
2021-07-12,24.2,19.7,21.9,,,
2021-07-13,26.7,20.5,23.6,,,
2021-07-14,28.5,20.4,24.5,,,
2021-07-15,28.3,19.8,24.0,,,
2021-07-16,24.1,18.5,21.3,,,
2021-07-17,21.6,18.9,20.3,,,
2021-07-18,29.4,19.2,24.3,,,
2021-07-19,30.0,20.4,25.2,,,
2021-07-20,,,,,,
2021-07-21,25.7,16.3,21.0,,,
2021-07-22,25.6,15.8,20.7,,,
2021-07-23,25.5,15.5,20.5,,,
2021-07-24,23.4,18.0,20.7,,,
2021-07-25,30.6,18.0,24.3,,,
2021-07-26,29.7,18.4,24.1,,,
2021-07-27,24.7,18.7,21.7,,,
2021-07-28,23.6,18.7,21.2,,,
2021-07-29,25.6,19.0,22.3,,,
2021-07-30,21.2,14.0,17.6,,,
2021-07-31,20.7,12.9,16.8,,,
2021-08-01,22.0,15.7,18.9,,,
2021-08-02,24.2,14.3,19.3,,,
2021-08-03,26.4,14.4,20.4,,,
2021-08-04,27.3,16.6,22.0,,,
2021-08-05,28.0,17.5,22.7,,,
2021-08-06,28.6,18.6,23.6,,,
2021-08-07,27.6,20.6,24.1,,,
2021-08-08,27.4,20.7,24.1,,,
2021-08-09,31.6,22.4,27.0,,,
2021-08-10,27.6,23.7,25.7,,,
2021-08-11,31.6,22.8,27.2,,,
2021-08-12,29.6,22.2,25.9,,,
2021-08-13,28.8,20.9,24.9,,,
2021-08-14,26.5,16.6,21.6,,,
2021-08-15,23.7,14.7,19.2,,,
2021-08-16,24.0,17.0,20.5,,,
2021-08-17,28.0,21.6,24.8,,,
2021-08-18,27.4,21.4,24.4,,,
2021-08-19,30.8,20.6,25.7,,,
2021-08-20,29.8,19.2,24.5,,,
2021-08-21,29.3,23.1,26.2,,,
2021-08-22,29.9,21.6,25.8,,,
2021-08-23,32.3,22.0,27.2,,,
2021-08-24,31.1,20.0,25.5,,,
2021-08-25,30.0,22.9,26.5,,,
2021-08-26,32.7,22.7,27.7,,,
2021-08-27,26.8,21.9,24.4,,,
2021-08-28,27.2,20.1,23.6,,,
2021-08-29,30.8,22.0,26.4,,,
2021-08-30,30.2,20.0,25.1,,,
2021-08-31,26.9,18.1,22.5,,,
2021-09-01,25.1,17.3,21.2,,,
2021-09-02,22.4,13.0,17.7,,,
2021-09-03,22.6,13.0,17.8,,,
2021-09-04,25.0,14.0,19.5,,,
2021-09-05,27.8,18.2,23.0,,,
2021-09-06,24.0,14.4,19.2,,,
2021-09-07,25.3,13.6,19.5,,,
2021-09-08,26.5,16.3,21.4,,,
2021-09-09,22.2,14.8,18.5,,,
2021-09-10,23.3,12.5,17.9,,,
2021-09-11,25.7,14.0,19.8,,,
2021-09-12,24.2,15.6,19.9,,,
2021-09-13,22.4,13.3,17.9,,,
2021-09-14,25.0,16.2,20.6,,,
2021-09-15,22.7,16.7,19.7,,,
2021-09-16,22.9,15.9,19.4,,,
2021-09-17,26.2,16.6,21.4,,,
2021-09-18,25.1,14.3,19.7,,,
2021-09-19,21.1,14.1,17.6,,,
2021-09-20,23.3,14.7,19.0,,,
2021-09-21,25.5,19.3,22.4,,,
2021-09-22,19.9,13.0,16.5,,,
2021-09-23,18.7,13.2,16.0,,,
2021-09-24,17.3,11.8,14.6,,,
2021-09-25,21.0,11.0,16.0,,,
2021-09-26,20.5,9.0,14.7,,,
2021-09-27,24.7,14.3,19.5,,,
2021-09-28,17.4,10.8,14.1,,,
2021-09-29,20.8,10.5,15.6,,,
2021-09-30,15.9,9.9,12.9,,,
2021-10-01,18.6,10.1,14.3,,,
2021-10-02,24.4,13.5,19.0,,,
2021-10-03,19.4,15.3,17.4,,,
2021-10-04,16.2,14.6,15.4,,,
2021-10-05,18.5,14.8,16.7,,,
2021-10-06,18.0,15.1,16.5,,,
2021-10-07,19.7,16.0,17.8,,,
2021-10-08,19.8,16.1,17.9,,,
2021-10-09,19.9,17.4,18.7,,,
2021-10-10,20.5,16.6,18.6,,,
2021-10-11,22.1,17.0,19.6,,,
2021-10-12,22.1,16.8,19.5,,,
2021-10-13,21.6,16.0,18.8,,,
2021-10-14,21.6,14.8,18.2,,,
2021-10-15,19.8,14.8,17.3,,,
2021-10-16,15.4,10.3,12.9,,,
2021-10-17,15.2,9.4,12.3,,,
2021-10-18,13.4,6.3,9.9,,,
2021-10-19,21.1,5.9,13.5,,,
2021-10-20,18.2,11.9,15.0,,,
2021-10-21,17.2,9.4,13.3,,,
2021-10-22,9.5,5.1,7.3,,,
2021-10-23,10.0,4.6,7.3,,,
2021-10-24,13.1,5.3,9.2,,,
2021-10-25,9.5,5.4,7.4,,,
2021-10-26,9.5,5.3,7.4,,,
2021-10-27,16.7,9.0,12.8,,,
2021-10-28,10.8,7.6,9.2,,,
2021-10-29,13.3,9.1,11.2,,,
2021-10-30,10.1,8.4,9.2,,,
2021-10-31,15.3,8.1,11.7,,,
2021-11-01,,,,,,
2021-11-02,9.2,2.8,6.0,,,
2021-11-03,7.9,1.4,4.6,,,
2021-11-04,8.8,1.3,5.1,,,
2021-11-05,10.0,0.0,5.0,,,
2021-11-06,11.6,2.0,6.8,,,
2021-11-07,16.2,4.4,10.3,,,
2021-11-08,17.3,6.0,11.6,,,
2021-11-09,14.9,8.4,11.7,,,
2021-11-10,13.2,4.1,8.7,,,
2021-11-11,13.0,7.0,10.0,,,
2021-11-12,13.1,6.4,9.8,,,
2021-11-13,7.8,4.0,5.9,,,
2021-11-14,5.6,2.0,3.8,,,
2021-11-15,5.9,1.3,3.6,,,
2021-11-16,,,,,,
2021-11-17,16.1,3.6,9.8,,,
2021-11-18,14.5,2.4,8.5,,,1
2021-11-19,6.4,1.6,4.0,,,1
2021-11-20,6.8,1.5,4.2,,,1
2021-11-21,8.6,2.5,5.6,,,0
2021-11-22,4.9,-0.9,2.0,,,0
2021-11-23,4.0,-1.9,1.0,,,0
2021-11-24,8.0,-1.1,3.5,,,
2021-11-25,7.6,4.8,6.2,,,1
2021-11-26,4.8,-1.8,1.5,,,1
2021-11-27,1.5,-3.2,-0.8,,,1
2021-11-28,-0.1,-2.8,-1.4,,,1
2021-11-29,1.1,-4.6,-1.8,,,9
2021-11-30,3.7,-2.1,0.8,,,6
2021-12-01,5.8,1.7,3.8,,,3
2021-12-02,10.8,2.5,6.7,,,0
2021-12-03,2.6,0.5,1.5,,,1
2021-12-04,5.5,0.7,3.1,,,0
2021-12-05,4.8,-0.2,2.3,,,
2021-12-06,10.3,-0.9,4.7,,,1
2021-12-07,-0.7,-5.0,-2.9,,,
2021-12-08,-1.0,-5.2,-3.1,,,0
2021-12-09,2.2,-4.3,-1.1,,,2
2021-12-10,6.3,2.2,4.2,,,1
2021-12-11,16.0,2.7,9.3,,,
2021-12-12,7.2,0.7,4.0,,,0
2021-12-13,9.8,3.8,6.8,,,0
2021-12-14,6.3,2.3,4.3,,,
2021-12-15,11.9,4.2,8.1,,,0
2021-12-16,15.2,5.5,10.3,,,
2021-12-17,5.9,0.8,3.3,,,
2021-12-18,1.4,-2.9,-0.8,,,
2021-12-19,-2.5,-5.3,-3.9,,,7
2021-12-20,4.2,-5.3,-0.6,,,5
2021-12-21,4.7,0.4,2.5,,,4
2021-12-22,4.6,-3.3,0.7,,,2
2021-12-23,0.1,-4.9,-2.4,,,2
2021-12-24,3.8,-0.1,1.9,,,5
2021-12-25,7.4,3.3,5.4,,,
2021-12-26,4.4,-4.9,-0.2,,,1
2021-12-27,1.3,-5.3,-2.0,,,
2021-12-28,3.1,-0.1,1.5,,,3
2021-12-29,3.3,0.7,2.0,,,1
2021-12-30,3.5,1.7,2.6,,,0
2021-12-31,7.1,2.7,4.9,,,1
2022-01-01,5.1,-2.1,1.5,,,
2022-01-02,-2.1,-10.5,-6.3,,,3
2022-01-03,-4.0,-12.9,-8.4,,,3
2022-01-04,3.3,-5.7,-1.2,,,3
2022-01-05,4.9,-4.5,0.2,,,3
2022-01-06,-1.5,-6.3,-3.9,,,
2022-01-07,-4.5,-11.6,-8.1,,,1
2022-01-08,1.9,-12.6,-5.4,,,
2022-01-09,4.3,-6.6,-1.1,,,
2022-01-10,-6.2,-17.4,-11.8,,,
2022-01-11,-1.7,-20.0,-10.8,,,0
2022-01-12,2.4,-1.7,0.3,,,0
2022-01-13,2.0,-0.8,0.6,,,0
2022-01-14,-0.3,-18.1,-9.2,,,0
2022-01-15,-12.6,-20.4,-16.5,,,0
2022-01-16,0.3,-13.4,-6.6,,,0
2022-01-17,-2.3,-5.0,-3.6,,,25
2022-01-18,0.2,-10.1,-5.0,,,32
2022-01-19,4.6,-7.3,-1.4,,,30
2022-01-20,-7.3,-16.4,-11.9,,,24
2022-01-21,-8.9,-17.7,-13.3,,,23
2022-01-22,-3.8,-12.4,-8.1,,,22
2022-01-23,-4.1,-14.5,-9.3,,,20
2022-01-24,-3.8,-14.7,-9.2,,,20
2022-01-25,-5.4,-12.3,-8.9,,,24
2022-01-26,-8.6,-14.0,-11.3,,,24
2022-01-27,-3.1,-9.0,-6.0,,,20
2022-01-28,-3.2,-16.2,-9.7,,,21
2022-01-29,-9.8,-18.6,-14.2,,,21
2022-01-30,-4.2,-12.3,-8.2,,,21
2022-01-31,-0.7,-5.7,-3.2,,,20
2022-02-01,5.3,-2.4,1.4,,,20
2022-02-02,4.8,-2.6,1.1,,,18
2022-02-03,-2.1,-9.6,-5.9,,,19
2022-02-04,-8.5,-12.1,-10.3,,,21
2022-02-05,-6.3,-13.8,-10.0,,,21
2022-02-06,0.2,-6.3,-3.1,,,21
2022-02-07,3.3,-1.0,1.1,,,20
2022-02-08,1.0,-3.9,-1.5,,,19
2022-02-09,5.4,-2.7,1.4,,,18
2022-02-10,3.6,0.3,1.9,,,17
2022-02-11,4.1,-0.1,2.0,,,17
2022-02-12,3.2,-12.7,-4.7,,,14
2022-02-13,-8.3,-15.6,-12.0,,,14
2022-02-14,-8.9,-15.3,-12.1,,,14
2022-02-15,-2.5,-9.6,-6.0,,,14
2022-02-16,8.9,-2.9,3.0,,,14
2022-02-17,8.0,-4.3,1.9,,,4
2022-02-18,-2.9,-10.3,-6.6,,,17
2022-02-19,-1.3,-9.1,-5.2,,,16
2022-02-20,7.5,-8.1,-0.3,,,13
2022-02-21,6.7,0.0,3.4,,,10
2022-02-22,9.0,-0.1,4.4,,,6
2022-02-23,9.4,-9.4,0.0,,,2
2022-02-24,-5.4,-10.6,-8.0,,,2
2022-02-25,-4.9,-9.9,-7.4,,,4
2022-02-26,-1.4,-10.5,-6.0,,,6
2022-02-27,1.5,-7.2,-2.8,,,6
2022-02-28,-2.7,-11.1,-6.9,,,5
2022-03-01,6.0,-2.7,1.7,,,6
2022-03-02,3.8,-4.0,-0.1,,,4
2022-03-03,-4.0,-9.1,-6.5,,,3
2022-03-04,1.8,-8.4,-3.3,,,3
2022-03-05,3.7,-1.8,1.0,,,3
2022-03-06,17.3,3.2,10.2,,,1
2022-03-07,4.2,-0.5,1.8,,,1
2022-03-08,3.7,-2.0,0.9,,,1
2022-03-09,4.4,-0.2,2.1,,,1
2022-03-10,3.9,-1.2,1.4,,,1
2022-03-11,0.4,-2.5,-1.0,,,1
2022-03-12,-1.8,-7.9,-4.8,,,2
2022-03-13,0.8,-8.9,-4.0,,,2
2022-03-14,7.0,-2.4,2.3,,,2
2022-03-15,3.0,0.9,2.0,,,1
2022-03-16,3.5,0.2,1.9,,,
2022-03-17,16.1,0.8,8.5,,,1
2022-03-18,15.8,8.6,12.2,,,
2022-03-19,8.8,4.6,6.7,,,0
2022-03-20,12.3,3.0,7.6,,,0
2022-03-21,14.5,1.8,8.2,,,
2022-03-22,5.2,0.4,2.8,,,
2022-03-23,3.8,1.4,2.6,,,
2022-03-24,10.8,3.5,7.2,,,0
2022-03-25,6.7,3.7,5.2,,,1
2022-03-26,7.9,0.0,3.9,,,1
2022-03-27,0.0,-7.3,-3.7,,,0
2022-03-28,-4.7,-10.1,-7.4,,,
2022-03-29,2.7,-6.8,-2.1,,,1
2022-03-30,5.7,-1.9,1.9,,,0
2022-03-31,16.5,4.4,10.4,,,
2022-04-01,4.4,-0.5,1.9,,,
2022-04-02,5.8,-1.2,2.3,,,
2022-04-03,7.6,1.3,4.4,,,
2022-04-04,7.8,-0.1,3.9,,,
2022-04-05,11.4,3.7,7.5,,,
2022-04-06,11.2,7.4,9.3,,,
2022-04-07,13.1,6.1,9.6,,,
2022-04-08,9.9,3.5,6.7,,,
2022-04-09,8.5,2.3,5.4,,,
2022-04-10,9.3,1.9,5.6,,,
2022-04-11,10.8,3.4,7.1,,,
2022-04-12,15.7,7.1,11.4,,,
2022-04-13,16.5,9.2,12.9,,,
2022-04-14,14.6,7.9,11.2,,,
2022-04-15,14.0,4.0,9.0,,,
2022-04-16,7.7,0.7,4.2,,,
2022-04-17,8.9,-0.3,4.3,,,
2022-04-18,5.9,0.6,3.3,,,
2022-04-19,7.1,2.2,4.7,,,
2022-04-20,10.3,2.5,6.4,,,
2022-04-21,16.0,5.5,10.8,,,
2022-04-22,11.7,4.6,8.2,,,
2022-04-23,9.7,6.6,8.1,,,
2022-04-24,14.7,7.6,11.1,,,
2022-04-25,19.2,10.3,14.8,,,
2022-04-26,11.9,2.4,7.2,,,
2022-04-27,5.2,0.4,2.8,,,
2022-04-28,10.8,-0.5,5.2,,,
2022-04-29,12.3,1.8,7.1,,,
2022-04-30,13.1,6.6,9.9,,,
2022-05-01,11.2,6.9,9.1,,,
2022-05-02,13.6,8.5,11.0,,,
2022-05-03,13.1,8.8,10.9,,,
2022-05-04,16.8,9.6,13.2,,,
2022-05-05,14.7,8.0,11.3,,,
2022-05-06,15.7,9.8,12.8,,,
2022-05-07,13.1,7.9,10.5,,,
2022-05-08,16.1,8.6,12.4,,,
2022-05-09,19.6,10.2,14.9,,,
2022-05-10,20.5,11.5,16.0,,,
2022-05-11,23.3,13.0,18.2,,,
2022-05-12,24.1,14.3,19.2,,,
2022-05-13,26.9,14.2,20.6,,,
2022-05-14,27.0,16.6,21.8,,,
2022-05-15,29.1,15.5,22.3,,,
2022-05-16,20.7,12.2,16.5,,,
2022-05-17,17.5,8.1,12.8,,,
2022-05-18,14.6,7.2,10.9,,,
2022-05-19,20.0,9.4,14.7,,,
2022-05-20,23.5,11.6,17.6,,,
2022-05-21,27.4,16.6,22.0,,,
2022-05-22,18.3,9.2,13.8,,,
2022-05-23,16.2,8.0,12.1,,,
2022-05-24,18.8,8.7,13.8,,,
2022-05-25,19.1,11.7,15.4,,,
2022-05-26,26.0,14.2,20.1,,,
2022-05-27,22.2,16.2,19.2,,,
2022-05-28,22.4,13.8,18.1,,,
2022-05-29,24.4,15.5,19.9,,,
2022-05-30,29.7,16.8,23.2,,,
2022-05-31,32.2,19.3,25.7,,,
2022-06-01,25.7,14.4,20.1,,,
2022-06-02,21.1,11.9,16.5,,,
2022-06-03,23.3,10.8,17.1,,,
2022-06-04,21.6,9.1,15.4,,,
2022-06-05,23.7,11.5,17.6,,,
2022-06-06,19.9,13.8,16.8,,,
2022-06-07,21.0,13.0,17.0,,,
2022-06-08,22.3,12.2,17.3,,,
2022-06-09,22.3,13.9,18.1,,,
2022-06-10,23.9,12.8,18.3,,,
2022-06-11,23.6,15.4,19.5,,,
2022-06-12,23.8,15.0,19.4,,,
2022-06-13,21.3,12.5,16.9,,,
2022-06-14,24.3,17.4,20.8,,,
2022-06-15,25.4,17.9,21.6,,,
2022-06-16,32.5,19.0,25.7,,,
2022-06-17,27.4,13.7,20.6,,,
2022-06-18,19.7,11.4,15.5,,,
2022-06-19,22.9,10.3,16.6,,,
2022-06-20,23.2,15.0,19.1,,,
2022-06-21,29.4,17.7,23.6,,,
2022-06-22,35.8,18.7,27.2,,,
2022-06-23,28.3,16.8,22.5,,,
2022-06-24,28.0,15.1,21.5,,,
2022-06-25,29.6,18.4,24.0,,,
2022-06-26,28.5,19.8,24.1,,,
2022-06-27,22.3,13.7,18.0,,,
2022-06-28,22.9,11.6,17.3,,,
2022-06-29,22.5,14.8,18.6,,,
2022-06-30,25.8,15.0,20.4,,,
2022-07-01,28.3,20.2,24.2,,,
2022-07-02,29.4,15.3,22.4,,,
2022-07-03,25.9,15.4,20.6,,,
2022-07-04,25.9,16.5,21.2,,,
2022-07-05,27.1,18.4,22.7,,,
2022-07-06,22.9,17.9,20.4,,,
2022-07-07,25.6,16.6,21.1,,,
2022-07-08,27.2,17.9,22.5,,,
2022-07-09,23.1,14.5,18.8,,,
2022-07-10,27.6,14.4,21.0,,,
2022-07-11,29.6,16.6,23.1,,,
2022-07-12,28.0,19.1,23.5,,,
2022-07-13,24.2,16.9,20.5,,,
2022-07-14,26.2,15.7,21.0,,,
2022-07-15,26.6,15.9,21.3,,,
2022-07-16,29.2,18.4,23.8,,,
2022-07-17,28.8,19.3,24.1,,,
2022-07-18,27.3,19.9,23.6,,,
2022-07-19,35.2,19.9,27.6,,,
2022-07-20,30.2,22.8,26.5,,,
2022-07-21,31.2,22.1,26.6,,,
2022-07-22,31.1,20.0,25.6,,,
2022-07-23,30.5,21.2,25.8,,,
2022-07-24,27.8,21.1,24.5,,,
2022-07-25,23.5,17.0,20.3,,,
2022-07-26,24.5,15.3,19.9,,,
2022-07-27,26.4,17.1,21.7,,,
2022-07-28,29.0,20.1,24.5,,,
2022-07-29,28.5,16.8,22.6,,,
2022-07-30,25.6,17.1,21.3,,,
2022-07-31,27.4,17.7,22.6,,,
2022-08-01,27.3,18.4,22.8,,,
2022-08-02,26.9,17.6,22.3,,,
2022-08-03,28.5,16.3,22.4,,,
2022-08-04,27.6,21.1,24.3,,,
2022-08-05,29.2,21.2,25.2,,,
2022-08-06,30.5,21.7,26.1,,,
2022-08-07,31.4,23.2,27.3,,,
2022-08-08,28.6,20.0,24.3,,,
2022-08-09,22.7,18.6,20.7,,,
2022-08-10,26.6,17.3,22.0,,,
2022-08-11,26.7,16.5,21.6,,,
2022-08-12,26.7,15.1,20.9,,,
2022-08-13,25.2,13.6,19.4,,,
2022-08-14,25.4,17.3,21.4,,,
2022-08-15,27.1,18.9,23.0,,,
2022-08-16,27.8,19.3,23.5,,,
2022-08-17,27.7,18.6,23.1,,,
2022-08-18,29.6,18.5,24.0,,,
2022-08-19,28.5,17.9,23.2,,,
2022-08-20,30.0,19.5,24.8,,,
2022-08-21,26.2,19.5,22.8,,,
2022-08-22,24.7,19.6,22.2,,,
2022-08-23,29.1,19.4,24.3,,,
2022-08-24,28.7,17.4,23.1,,,
2022-08-25,24.4,19.1,21.7,,,
2022-08-26,27.0,16.9,22.0,,,
2022-08-27,23.1,14.0,18.6,,,
2022-08-28,28.1,17.8,22.9,,,
2022-08-29,29.6,21.3,25.4,,,
2022-08-30,25.7,18.5,22.1,,,
2022-08-31,27.3,16.2,21.7,,,
2022-09-01,22.1,12.5,17.3,,,
2022-09-02,27.3,16.4,21.8,,,
2022-09-03,28.8,19.0,23.9,,,
2022-09-04,22.0,16.2,19.1,,,
2022-09-05,20.9,16.3,18.6,,,
2022-09-06,23.4,15.2,19.3,,,
2022-09-07,24.1,17.0,20.5,,,
2022-09-08,25.8,16.3,21.1,,,
2022-09-09,27.2,16.5,21.9,,,
2022-09-10,26.5,19.7,23.1,,,
2022-09-11,23.4,20.4,21.9,,,
2022-09-12,23.8,17.9,20.9,,,
2022-09-13,21.0,13.8,17.4,,,
2022-09-14,25.2,12.3,18.8,,,
2022-09-15,18.4,10.3,14.4,,,
2022-09-16,22.6,12.6,17.6,,,
2022-09-17,23.5,17.4,20.4,,,
2022-09-18,27.1,19.8,23.5,,,
2022-09-19,27.2,16.6,21.9,,,
2022-09-20,26.1,15.9,21.0,,,
2022-09-21,27.3,16.8,22.0,,,
2022-09-22,18.4,8.9,13.7,,,
2022-09-23,16.2,6.7,11.5,,,
2022-09-24,17.6,7.9,12.8,,,
2022-09-25,17.9,13.3,15.6,,,
2022-09-26,17.6,11.3,14.4,,,
2022-09-27,17.3,12.2,14.7,,,
2022-09-28,14.1,10.1,12.1,,,
2022-09-29,14.7,8.9,11.8,,,
2022-09-30,17.3,8.0,12.6,,,
2022-10-01,19.3,10.3,14.8,,,
2022-10-02,15.9,7.6,11.8,,,
2022-10-03,14.5,6.7,10.6,,,
2022-10-04,18.4,7.1,12.8,,,
2022-10-05,20.7,10.2,15.4,,,
2022-10-06,21.4,13.8,17.6,,,
2022-10-07,15.1,4.4,9.8,,,
2022-10-08,11.3,3.6,7.5,,,
2022-10-09,15.2,7.7,11.4,,,
2022-10-10,14.1,7.7,10.9,,,
2022-10-11,21.4,6.8,14.1,,,
2022-10-12,19.5,14.5,17.0,,,
2022-10-13,15.5,7.7,11.6,,,
2022-10-14,13.6,7.4,10.5,,,
2022-10-15,14.4,7.3,10.8,,,
2022-10-16,14.8,6.2,10.5,,,
2022-10-17,10.6,5.5,8.0,,,
2022-10-18,9.2,2.2,5.7,,,
2022-10-19,9.0,4.4,6.7,,,
2022-10-20,7.6,2.2,4.9,,,
2022-10-21,15.8,2.0,8.9,,,
2022-10-22,19.3,10.1,14.7,,,
2022-10-23,18.2,9.6,13.9,,,
2022-10-24,19.0,8.7,13.8,,,
2022-10-25,18.3,10.7,14.5,,,
2022-10-26,15.9,7.6,11.7,,,
2022-10-27,,,,,,
2022-10-28,10.2,4.1,7.1,,,
2022-10-29,15.1,4.3,9.7,,,
2022-10-30,14.9,5.5,10.2,,,
2022-10-31,12.1,8.2,10.2,,,
2022-11-01,19.4,9.5,14.5,,,0
2022-11-02,13.9,7.6,10.7,,,0
2022-11-03,11.3,7.3,9.3,,,0
2022-11-04,19.0,8.3,13.7,,,0
2022-11-05,23.1,14.4,18.8,,,0
2022-11-06,17.8,11.7,14.7,,,
2022-11-07,13.7,4.8,9.3,,,0
2022-11-08,10.1,4.2,7.1,,,
2022-11-09,12.6,5.3,8.9,,,0
2022-11-10,18.0,9.0,13.5,,,0
2022-11-11,15.1,12.0,13.5,,,1
2022-11-12,12.0,3.8,7.9,,,
2022-11-13,4.5,-0.5,2.0,,,0
2022-11-14,4.2,-0.5,1.8,,,
2022-11-15,2.3,-1.1,0.6,,,
2022-11-16,1.7,-1.1,0.3,,,9
2022-11-17,1.9,-1.7,0.1,,,8
2022-11-18,2.6,-1.4,0.6,,,8
2022-11-19,-0.2,-3.9,-2.0,,,7
2022-11-20,-2.0,-5.5,-3.8,,,7
2022-11-21,7.3,-5.2,1.1,,,7
2022-11-22,5.4,0.0,2.7,,,4
2022-11-23,7.4,-0.2,3.6,,,3
2022-11-24,8.2,1.2,4.7,,,3
2022-11-25,8.1,4.0,6.0,,,
2022-11-26,11.2,2.0,6.6,,,
2022-11-27,7.4,3.4,5.4,,,
2022-11-28,4.3,1.1,2.7,,,
2022-11-29,6.9,1.5,4.2,,,
2022-11-30,8.7,-1.5,3.6,,,
2022-12-01,1.6,-1.9,-0.1,,,
2022-12-02,9.4,-1.4,4.0,,,
2022-12-03,9.9,0.9,5.4,,,
2022-12-04,2.3,-1.8,0.3,,,
2022-12-05,7.6,0.8,4.2,,,
2022-12-06,7.4,5.2,6.3,,,
2022-12-07,8.5,5.8,7.1,,,
2022-12-08,6.3,-0.8,2.8,,,
2022-12-09,1.2,-1.7,-0.2,,,
2022-12-10,-0.4,-4.4,-2.4,,,
2022-12-11,-0.4,-1.8,-1.1,,,0
2022-12-12,-1.1,-5.2,-3.2,,,3
2022-12-13,1.0,-6.2,-2.6,,,3
2022-12-14,0.6,-5.2,-2.3,,,3
2022-12-15,2.5,-0.6,1.0,,,3
2022-12-16,5.0,0.2,2.6,,,2
2022-12-17,1.7,-1.0,0.3,,,0
2022-12-18,1.2,-1.6,-0.2,,,0
2022-12-19,1.9,-1.2,0.4,,,0
2022-12-20,1.0,-1.0,0.0,,,
2022-12-21,1.3,-2.7,-0.7,,,0
2022-12-22,4.8,-0.5,2.2,,,
2022-12-23,4.3,-13.6,-4.7,,,
2022-12-24,-8.1,-14.0,-11.1,,,1
2022-12-25,-3.9,-8.6,-6.2,,,1
2022-12-26,-4.4,-8.1,-6.2,,,0
2022-12-27,0.0,-5.7,-2.8,,,0
2022-12-28,4.9,-0.2,2.3,,,
2022-12-29,9.8,4.0,6.9,,,0
2022-12-30,11.6,9.2,10.4,,,0
2022-12-31,10.7,4.1,7.4,,,0
2023-01-01,5.0,2.7,3.9,,,
2023-01-02,5.6,3.5,4.6,,,
2023-01-03,4.4,2.8,3.6,,,
2023-01-04,4.4,2.5,3.5,,,0
2023-01-05,4.8,3.2,4.0,,,
2023-01-06,5.1,2.9,4.0,,,
2023-01-07,3.2,-4.1,-0.5,,,0
2023-01-08,-1.5,-4.8,-3.1,,,0
2023-01-09,2.2,-1.7,0.3,,,0
2023-01-10,1.7,-1.8,-0.1,,,
2023-01-11,1.9,-4.8,-1.5,,,
2023-01-12,4.9,-0.1,2.4,,,
2023-01-13,-0.1,-8.8,-4.5,,,4
2023-01-14,-3.2,-9.4,-6.3,,,2
2023-01-15,-1.0,-8.4,-4.7,,,2
2023-01-16,1.8,-5.1,-1.7,,,2
2023-01-17,5.3,1.7,3.5,,,0
2023-01-18,6.2,2.8,4.5,,,
2023-01-19,3.8,1.6,2.7,,,
2023-01-20,3.8,-0.8,1.5,,,0
2023-01-21,1.1,-1.0,0.1,,,
2023-01-22,2.1,-1.6,0.2,,,
2023-01-23,2.7,-2.0,0.4,,,3
2023-01-24,3.2,-0.7,1.2,,,0
2023-01-25,2.6,-0.4,1.1,,,
2023-01-26,2.5,-3.5,-0.5,,,8
2023-01-27,1.2,-1.4,-0.1,,,8
2023-01-28,2.7,-1.3,0.7,,,8
2023-01-29,1.3,-5.6,-2.2,,,8
2023-01-30,-1.1,-7.1,-4.1,,,9
2023-01-31,-3.8,-9.7,-6.8,,,8
2023-02-01,-3.7,-10.6,-7.1,,,8
2023-02-02,2.9,-9.3,-3.2,,,7
2023-02-03,-9.3,-20.5,-14.9,,,7
2023-02-04,-0.2,-20.0,-10.1,,,8
2023-02-05,5.5,-0.3,2.6,,,9
2023-02-06,3.3,-2.4,0.5,,,6
2023-02-07,8.9,-0.1,4.4,,,5
2023-02-08,7.7,2.3,5.0,,,1
2023-02-09,7.0,2.0,4.5,,,
2023-02-10,6.1,-2.3,1.9,,,
2023-02-11,2.1,-3.8,-0.8,,,0
2023-02-12,7.1,0.1,3.6,,,0
2023-02-13,9.8,-0.6,4.6,,,0
2023-02-14,8.5,-0.4,4.0,,,0
2023-02-15,15.3,6.2,10.7,,,
2023-02-16,6.6,-0.2,3.2,,,0
2023-02-17,1.0,-7.9,-3.5,,,
2023-02-18,2.8,-6.9,-2.0,,,
2023-02-19,8.8,2.0,5.4,,,
2023-02-20,6.6,-0.9,2.9,,,
2023-02-21,7.1,-1.0,3.1,,,
2023-02-22,-0.3,-6.7,-3.5,,,
2023-02-23,-1.0,-7.1,-4.1,,,12
2023-02-24,-2.2,-9.5,-5.9,,,11
2023-02-25,-0.9,-8.2,-4.5,,,11
2023-02-26,4.2,-3.1,0.6,,,11
2023-02-27,0.8,-5.4,-2.3,,,7
2023-02-28,2.6,-0.1,1.3,,,10
2023-03-01,3.2,-0.1,1.6,,,8
2023-03-02,4.9,-0.5,2.2,,,8
2023-03-03,1.1,-1.6,-0.3,,,6
2023-03-04,5.8,-0.9,2.5,,,21
2023-03-05,6.8,-0.1,3.3,,,15
2023-03-06,3.4,-0.8,1.3,,,12
2023-03-07,1.9,-1.9,0.0,,,11
2023-03-08,3.0,-2.3,0.3,,,10
2023-03-09,4.6,-2.5,1.1,,,9
2023-03-10,0.7,-2.3,-0.8,,,8
2023-03-11,0.6,-3.5,-1.5,,,17
2023-03-12,0.7,-3.4,-1.3,,,14
2023-03-13,2.0,-2.3,-0.1,,,18
2023-03-14,-1.3,-4.5,-2.9,,,14
2023-03-15,6.0,-4.6,0.7,,,13
2023-03-16,10.0,1.2,5.6,,,9
2023-03-17,7.6,1.2,4.4,,,5
2023-03-18,2.2,-5.9,-1.9,,,1
2023-03-19,1.2,-6.7,-2.8,,,0
2023-03-20,7.2,-1.5,2.9,,,
2023-03-21,9.8,4.2,7.0,,,
2023-03-22,7.9,1.8,4.8,,,
2023-03-23,8.9,0.3,4.6,,,
2023-03-24,5.9,0.1,3.0,,,
2023-03-25,9.6,1.8,5.7,,,
2023-03-26,10.8,2.8,6.8,,,
2023-03-27,6.4,2.8,4.6,,,
2023-03-28,7.2,2.1,4.7,,,0
2023-03-29,9.6,-3.5,3.0,,,0
2023-03-30,3.4,-4.2,-0.4,,,
2023-03-31,4.8,1.2,3.0,,,
2023-04-01,16.1,-1.3,7.4,,,
2023-04-02,2.9,-3.7,-0.4,,,
2023-04-03,14.1,2.3,8.2,,,
2023-04-04,10.3,5.6,7.9,,,
2023-04-05,12.1,3.1,7.6,,,
2023-04-06,12.9,5.8,9.3,,,
2023-04-07,7.7,-0.6,3.5,,,
2023-04-08,6.1,-1.6,2.3,,,
2023-04-09,10.1,1.6,5.8,,,
2023-04-10,17.8,3.9,10.9,,,
2023-04-11,24.4,8.2,16.3,,,
2023-04-12,27.4,13.0,20.2,,,
2023-04-13,26.8,14.7,20.8,,,
2023-04-14,27.0,14.0,20.5,,,
2023-04-15,23.9,14.6,19.2,,,
2023-04-16,23.0,9.2,16.1,,,
2023-04-17,10.1,3.7,6.9,,,
2023-04-18,6.3,2.3,4.3,,,
2023-04-19,9.1,1.5,5.3,,,
2023-04-20,10.2,3.9,7.1,,,
2023-04-21,20.9,7.2,14.1,,,
2023-04-22,11.8,7.5,9.7,,,
2023-04-23,8.9,5.7,7.3,,,
2023-04-24,8.2,4.1,6.1,,,
2023-04-25,11.0,3.8,7.4,,,
2023-04-26,9.1,2.4,5.8,,,
2023-04-27,12.4,3.7,8.1,,,
2023-04-28,11.8,7.3,9.6,,,
2023-04-29,10.3,6.1,8.2,,,
2023-04-30,11.0,7.4,9.2,,,
2023-05-01,10.7,6.0,8.4,,,
2023-05-02,8.2,3.2,5.7,,,
2023-05-03,10.0,3.3,6.7,,,
2023-05-04,13.2,7.2,10.2,,,
2023-05-05,14.5,8.5,11.5,,,
2023-05-06,18.6,7.2,12.9,,,
2023-05-07,16.7,10.5,13.6,,,
2023-05-08,20.2,8.6,14.4,,,
2023-05-09,15.6,9.6,12.6,,,
2023-05-10,19.9,7.2,13.6,,,
2023-05-11,26.7,11.5,19.1,,,
2023-05-12,27.5,15.0,21.2,,,
2023-05-13,23.1,13.6,18.4,,,
2023-05-14,15.9,10.5,13.2,,,
2023-05-15,23.9,9.2,16.5,,,
2023-05-16,25.0,6.6,15.8,,,
2023-05-17,10.2,2.8,6.5,,,
2023-05-18,13.9,4.0,9.0,,,
2023-05-19,21.5,8.4,14.9,,,
2023-05-20,17.4,11.9,14.6,,,
2023-05-21,24.3,10.7,17.5,,,
2023-05-22,16.3,11.4,13.9,,,
2023-05-23,19.5,10.0,14.8,,,
2023-05-24,17.0,6.8,11.9,,,
2023-05-25,15.4,5.2,10.3,,,
2023-05-26,19.9,7.4,13.7,,,
2023-05-27,23.2,12.4,17.8,,,
2023-05-28,25.9,12.7,19.3,,,
2023-05-29,24.2,17.3,20.7,,,
2023-05-30,26.7,15.1,20.9,,,
2023-05-31,30.2,16.9,23.5,,,
2023-06-01,30.4,19.0,24.7,,,
2023-06-02,32.8,19.6,26.2,,,
2023-06-03,23.4,15.8,19.6,,,
2023-06-04,20.3,13.1,16.7,,,
2023-06-05,22.4,14.2,18.3,,,
2023-06-06,23.7,15.0,19.3,,,
2023-06-07,21.8,12.7,17.2,,,
2023-06-08,18.5,13.3,15.9,,,
2023-06-09,21.1,12.1,16.6,,,
2023-06-10,25.9,14.1,20.0,,,
2023-06-11,22.6,15.6,19.1,,,
2023-06-12,18.8,12.7,15.8,,,
2023-06-13,19.8,11.7,15.7,,,
2023-06-14,19.3,12.5,15.9,,,
2023-06-15,20.1,11.8,16.0,,,
2023-06-16,22.9,14.6,18.7,,,
2023-06-17,25.4,13.8,19.6,,,
2023-06-18,24.8,14.8,19.8,,,
2023-06-19,24.4,16.1,20.3,,,
2023-06-20,24.3,18.7,21.5,,,
2023-06-21,26.2,18.9,22.5,,,
2023-06-22,24.3,18.3,21.3,,,
2023-06-23,23.3,19.3,21.3,,,
2023-06-24,28.0,20.0,24.0,,,
2023-06-25,28.2,19.7,23.9,,,
2023-06-26,24.0,19.5,21.7,,,
2023-06-27,23.0,16.3,19.6,,,
2023-06-28,23.6,15.4,19.5,,,
2023-06-29,26.0,13.7,19.9,,,
2023-06-30,25.0,18.7,21.8,,,
2023-07-01,28.7,19.4,24.0,,,
2023-07-02,23.8,20.5,22.2,,,
2023-07-03,25.1,19.6,22.4,,,
2023-07-04,32.0,19.1,25.5,,,
2023-07-05,31.3,22.4,26.9,,,
2023-07-06,30.0,22.2,26.1,,,
2023-07-07,28.3,18.1,23.2,,,
2023-07-08,25.0,15.7,20.3,,,
2023-07-09,25.9,16.9,21.4,,,
2023-07-10,28.7,16.5,22.6,,,
2023-07-11,30.3,18.6,24.4,,,
2023-07-12,25.3,15.1,20.2,,,
2023-07-13,25.0,16.9,20.9,,,
2023-07-14,26.1,15.3,20.7,,,
2023-07-15,24.4,19.8,22.1,,,
2023-07-16,27.2,19.9,23.6,,,
2023-07-17,27.1,19.2,23.2,,,
2023-07-18,26.1,18.0,22.0,,,
2023-07-19,25.1,16.6,20.8,,,
2023-07-20,26.8,18.9,22.9,,,
2023-07-21,26.3,18.8,22.5,,,
2023-07-22,29.0,17.2,23.1,,,
2023-07-23,27.3,17.5,22.4,,,
2023-07-24,26.4,18.4,22.4,,,
2023-07-25,26.5,18.7,22.6,,,
2023-07-26,28.8,20.6,24.7,,,
2023-07-27,30.0,20.8,25.4,,,
2023-07-28,30.0,20.4,25.2,,,
2023-07-29,25.2,16.6,20.9,,,
2023-07-30,24.3,14.8,19.5,,,
2023-07-31,25.2,15.9,20.6,,,
2023-08-01,24.0,15.4,19.7,,,
2023-08-02,24.4,16.3,20.3,,,
2023-08-03,28.5,18.5,23.5,,,
2023-08-04,27.5,17.8,22.6,,,
2023-08-05,24.2,18.4,21.3,,,
2023-08-06,24.2,16.1,20.1,,,
2023-08-07,25.2,19.2,22.2,,,
2023-08-08,25.3,17.5,21.4,,,
2023-08-09,28.9,16.6,22.8,,,
2023-08-10,25.9,19.4,22.6,,,
2023-08-11,25.3,16.0,20.7,,,
2023-08-12,29.5,19.8,24.6,,,
2023-08-13,26.0,17.5,21.7,,,
2023-08-14,23.9,16.0,20.0,,,
2023-08-15,23.2,18.6,20.9,,,
2023-08-16,26.7,18.1,22.4,,,
2023-08-17,25.9,17.8,21.8,,,
2023-08-18,20.8,14.8,17.8,,,
2023-08-19,26.2,13.1,19.7,,,
2023-08-20,27.9,15.9,21.9,,,
2023-08-21,25.6,17.5,21.5,,,
2023-08-22,24.4,15.3,19.9,,,
2023-08-23,20.8,15.9,18.3,,,
2023-08-24,22.2,18.8,20.5,,,
2023-08-25,24.9,19.4,22.2,,,
2023-08-26,24.2,15.8,20.0,,,
2023-08-27,22.3,13.3,17.8,,,
2023-08-28,22.9,15.0,19.0,,,
2023-08-29,24.6,14.6,19.6,,,
2023-08-30,21.2,12.7,17.0,,,
2023-08-31,22.1,11.6,16.8,,,
2023-09-01,24.1,13.5,18.8,,,
2023-09-02,26.7,15.8,21.2,,,
2023-09-03,28.6,17.8,23.2,,,
2023-09-04,32.9,20.8,26.9,,,
2023-09-05,31.4,21.3,26.4,,,
2023-09-06,31.4,22.1,26.7,,,
2023-09-07,27.8,18.1,22.9,,,
2023-09-08,20.9,15.9,18.4,,,
2023-09-09,20.8,16.5,18.7,,,
2023-09-10,23.6,17.9,20.7,,,
2023-09-11,24.3,16.7,20.5,,,
2023-09-12,23.9,15.4,19.6,,,
2023-09-13,19.4,12.4,15.9,,,
2023-09-14,20.5,10.7,15.6,,,
2023-09-15,21.0,11.1,16.1,,,
2023-09-16,23.4,11.9,17.7,,,
2023-09-17,23.3,15.0,19.2,,,
2023-09-18,22.6,13.4,18.0,,,
2023-09-19,21.6,11.1,16.3,,,
2023-09-20,19.5,9.5,14.5,,,
2023-09-21,22.2,14.0,18.1,,,
2023-09-22,22.1,14.6,18.4,,,
2023-09-23,21.1,14.2,17.7,,,
2023-09-24,21.4,14.2,17.8,,,
2023-09-25,23.5,16.1,19.8,,,
2023-09-26,20.2,16.4,18.3,,,
2023-09-27,19.9,15.0,17.5,,,
2023-09-28,18.8,15.1,17.0,,,
2023-09-29,20.8,14.5,17.6,,,
2023-09-30,23.3,15.0,19.1,,,
2023-10-01,24.8,14.9,19.9,,,
2023-10-02,25.2,16.9,21.1,,,
2023-10-03,28.3,17.1,22.7,,,
2023-10-04,27.2,17.9,22.6,,,
2023-10-05,24.5,17.4,21.0,,,
2023-10-06,22.3,13.1,17.7,,,
2023-10-07,15.6,9.3,12.5,,,
2023-10-08,11.5,7.4,9.5,,,
2023-10-09,11.4,7.3,9.3,,,
2023-10-10,12.8,7.7,10.3,,,
2023-10-11,14.4,7.5,11.0,,,
2023-10-12,16.1,7.2,11.7,,,
2023-10-13,14.5,6.7,10.6,,,
2023-10-14,13.1,9.9,11.5,,,
2023-10-15,11.3,8.0,9.6,,,
2023-10-16,12.9,8.2,10.5,,,
2023-10-17,15.8,7.2,11.5,,,
2023-10-18,14.3,9.4,11.8,,,
2023-10-19,16.1,10.7,13.4,,,
2023-10-20,15.0,10.1,12.5,,,
2023-10-21,12.4,6.3,9.4,,,
2023-10-22,11.2,3.5,7.3,,,
2023-10-23,12.2,2.0,7.1,,,
2023-10-24,18.3,9.3,13.8,,,
2023-10-25,19.8,14.6,17.2,,,
2023-10-26,18.1,14.3,16.2,,,
2023-10-27,21.9,16.3,19.1,,,
2023-10-28,18.0,7.5,12.7,,,
2023-10-29,7.8,3.8,5.8,,,
2023-10-30,7.9,1.0,4.4,,,
2023-10-31,6.6,0.4,3.5,,,
2023-11-01,5.5,0.1,2.8,,,
2023-11-02,9.1,2.9,6.0,,,0
2023-11-03,14.0,8.2,11.1,,,
2023-11-04,11.9,7.7,9.8,,,
2023-11-05,10.3,4.1,7.2,,,
2023-11-06,12.2,8.4,10.3,,,3
2023-11-07,,,,,,
2023-11-08,4.6,-1.2,1.7,,,
2023-11-09,11.0,4.4,7.7,,,
2023-11-10,11.5,3.4,7.5,,,
2023-11-11,4.6,1.8,3.2,,,
2023-11-12,4.9,0.0,2.5,,,
2023-11-13,14.0,3.9,9.0,,,
2023-11-14,9.4,4.9,7.1,,,
2023-11-15,13.6,3.4,8.5,,,
2023-11-16,12.3,4.6,8.5,,,
2023-11-17,12.9,2.9,7.9,,,
2023-11-18,8.5,0.5,4.5,,,
2023-11-19,7.1,-0.6,3.2,,,
2023-11-20,2.8,-3.1,-0.2,,,
2023-11-21,6.3,2.0,4.2,,,
2023-11-22,7.1,3.0,5.1,,,1
2023-11-23,7.3,0.8,4.1,,,
2023-11-24,1.6,-2.3,-0.3,,,
2023-11-25,3.8,-2.0,0.9,,,
2023-11-26,6.8,1.6,4.2,,,0
2023-11-27,4.7,-3.0,0.8,,,
2023-11-28,0.2,-3.9,-1.9,,,
2023-11-29,1.0,-3.6,-1.3,,,
2023-11-30,10.2,0.0,5.1,,,0
2023-12-01,9.8,1.2,5.5,,,
2023-12-02,4.1,2.3,3.2,,,
2023-12-03,3.5,1.6,2.6,,,
2023-12-04,4.4,1.2,2.8,,,
2023-12-05,3.1,0.3,1.7,,,
2023-12-06,1.4,-1.8,-0.2,,,
2023-12-07,5.7,0.3,3.0,,,1
2023-12-08,7.9,4.0,5.9,,,
2023-12-09,13.0,7.6,10.3,,,
2023-12-10,10.9,2.8,6.8,,,
2023-12-11,3.0,0.7,1.8,,,
2023-12-12,5.7,-0.2,2.7,,,
2023-12-13,3.6,-1.4,1.1,,,
2023-12-14,5.5,-1.8,1.9,,,
2023-12-15,13.2,3.7,8.5,,,
2023-12-16,7.0,4.7,5.8,,,
2023-12-17,8.4,5.9,7.2,,,
2023-12-18,7.1,-1.7,2.7,,,
2023-12-19,-0.2,-3.7,-2.0,,,
2023-12-20,4.4,-1.0,1.7,,,
2023-12-21,3.1,-3.6,-0.3,,,
2023-12-22,1.2,-4.4,-1.6,,,0
2023-12-23,4.8,0.8,2.8,,,0
2023-12-24,5.3,3.6,4.5,,,
2023-12-25,7.0,3.5,5.3,,,
2023-12-26,7.8,5.6,6.7,,,1
2023-12-27,8.4,7.2,7.8,,,
2023-12-28,7.9,6.1,7.0,,,
2023-12-29,7.1,2.6,4.9,,,0
2023-12-30,2.7,-0.3,1.2,,,
2023-12-31,1.6,-1.0,0.3,,,
2024-01-01,-0.7,-3.1,-1.9,,,2
2024-01-02,1.5,-1.5,0.0,,,0
2024-01-03,3.1,0.6,1.9,,,
2024-01-04,1.8,-6.0,-2.1,,,
2024-01-05,0.4,-2.1,-0.9,,,
2024-01-06,2.1,-3.5,-0.7,,,
2024-01-07,0.7,-4.2,-1.7,,,5
2024-01-08,3.7,0.6,2.2,,,4
2024-01-09,7.0,0.6,3.8,,,1
2024-01-10,6.7,0.7,3.7,,,
2024-01-11,2.8,0.6,1.7,,,
2024-01-12,3.9,-0.1,1.9,,,
2024-01-13,6.8,-2.9,1.9,,,1
2024-01-14,-2.5,-11.2,-6.8,,,0
2024-01-15,-7.1,-12.5,-9.8,,,1
2024-01-16,-6.3,-10.9,-8.6,,,1
2024-01-17,-7.4,-14.2,-10.8,,,1
2024-01-18,-2.8,-7.6,-5.2,,,2
2024-01-19,-4.9,-13.8,-9.4,,,1
2024-01-20,-7.0,-14.1,-10.5,,,2
2024-01-21,-1.4,-10.7,-6.0,,,2
2024-01-22,-0.2,-5.8,-3.0,,,2
2024-01-23,2.4,-0.3,1.1,,,2
2024-01-24,3.0,0.9,1.9,,,2
2024-01-25,4.1,2.0,3.0,,,0
2024-01-26,6.1,2.1,4.1,,,0
2024-01-27,4.0,1.6,2.8,,,
2024-01-28,3.7,1.7,2.7,,,0
2024-01-29,3.6,0.1,1.8,,,
2024-01-30,3.2,0.7,2.0,,,
2024-01-31,5.6,2.4,4.0,,,
2024-02-01,5.2,3.0,4.1,,,
2024-02-02,4.8,-1.4,1.7,,,
2024-02-03,3.0,-2.7,0.2,,,
2024-02-04,5.1,-4.0,0.5,,,
2024-02-05,3.1,-0.5,1.3,,,
2024-02-06,4.0,-1.2,1.4,,,
2024-02-07,4.3,0.7,2.5,,,
2024-02-08,8.6,1.3,5.0,,,
2024-02-09,15.4,6.5,11.0,,,
2024-02-10,11.4,3.8,7.6,,,
2024-02-11,3.9,1.9,2.9,,,
2024-02-12,3.9,-0.3,1.8,,,
2024-02-13,4.9,-5.3,-0.2,,,
2024-02-14,0.2,-6.9,-3.4,,,
2024-02-15,1.2,-3.7,-1.2,,,
2024-02-16,0.6,-3.5,-1.4,,,8
2024-02-17,-2.4,-6.9,-4.7,,,5
2024-02-18,0.9,-5.6,-2.4,,,4
2024-02-19,-1.1,-9.0,-5.1,,,3
2024-02-20,3.7,-4.5,-0.4,,,3
2024-02-21,9.7,0.9,5.3,,,0
2024-02-22,10.7,4.5,7.6,,,
2024-02-23,11.0,-7.2,1.9,,,
2024-02-24,-3.8,-11.9,-7.8,,,
2024-02-25,5.9,-4.4,0.8,,,
2024-02-26,8.9,1.6,5.2,,,
2024-02-27,13.0,3.4,8.2,,,
2024-02-28,15.2,-4.6,5.3,,,
2024-02-29,-1.1,-5.9,-3.5,,,
2024-03-01,8.5,-2.9,2.8,,,
2024-03-02,7.0,5.3,6.1,,,
2024-03-03,7.6,5.3,6.4,,,
2024-03-04,14.2,5.1,9.6,,,
2024-03-05,16.2,7.8,12.0,,,
2024-03-06,9.1,4.1,6.6,,,
2024-03-07,10.2,2.6,6.4,,,
2024-03-08,8.4,3.8,6.1,,,
2024-03-09,8.6,4.4,6.5,,,
2024-03-10,4.7,-1.2,1.7,,,
2024-03-11,8.4,-0.8,3.8,,,
2024-03-12,14.0,2.6,8.3,,,
2024-03-13,21.1,5.9,13.5,,,
2024-03-14,10.6,6.4,8.5,,,
2024-03-15,11.8,2.2,7.0,,,
2024-03-16,9.2,1.3,5.2,,,
2024-03-17,7.3,-0.2,3.6,,,
2024-03-18,3.1,-1.3,0.9,,,
2024-03-19,2.1,-0.9,0.6,,,
2024-03-20,2.5,-4.3,-0.9,,,
2024-03-21,0.1,-5.6,-2.8,,,
2024-03-22,-2.2,-5.6,-3.9,,,
2024-03-23,2.9,-6.6,-1.9,,,10
2024-03-24,0.5,-5.4,-2.4,,,2
2024-03-25,7.7,0.2,4.0,,,
2024-03-26,9.0,6.2,7.6,,,
2024-03-27,10.7,3.6,7.2,,,
2024-03-28,8.8,1.7,5.3,,,
2024-03-29,8.3,0.5,4.4,,,
2024-03-30,7.5,-0.9,3.3,,,
2024-03-31,8.6,2.0,5.3,,,
2024-04-01,11.8,3.1,7.4,,,
2024-04-02,7.8,5.2,6.5,,,
2024-04-03,6.1,1.4,3.7,,,
2024-04-04,3.7,1.2,2.5,,,
2024-04-05,6.9,1.2,4.1,,,
2024-04-06,13.3,4.1,8.7,,,
2024-04-07,14.4,5.5,10.0,,,
2024-04-08,12.4,6.8,9.6,,,
2024-04-09,17.4,5.9,11.7,,,
2024-04-10,18.3,10.5,14.4,,,
2024-04-11,14.4,8.0,11.2,,,
2024-04-12,13.2,5.1,9.2,,,
2024-04-13,12.3,4.4,8.3,,,
2024-04-14,15.6,7.1,11.4,,,
2024-04-15,17.7,6.8,12.3,,,
2024-04-16,15.9,7.4,11.6,,,
2024-04-17,11.0,5.1,8.0,,,
2024-04-18,14.1,7.1,10.6,,,
2024-04-19,15.7,6.7,11.2,,,
2024-04-20,9.5,4.0,6.8,,,
2024-04-21,10.7,4.4,7.6,,,
2024-04-22,12.5,1.6,7.1,,,
2024-04-23,15.2,8.0,11.6,,,
2024-04-24,10.6,2.9,6.7,,,
2024-04-25,7.9,1.2,4.5,,,
2024-04-26,11.7,3.6,7.6,,,
2024-04-27,15.1,7.8,11.4,,,
2024-04-28,19.9,13.1,16.5,,,
2024-04-29,14.3,8.3,11.3,,,
2024-04-30,15.9,9.0,12.4,,,
2024-05-01,16.6,8.4,12.5,,,
2024-05-02,20.1,11.0,15.6,,,
2024-05-03,16.1,11.7,13.9,,,
2024-05-04,19.4,13.6,16.5,,,
2024-05-05,19.1,10.5,14.8,,,
2024-05-06,20.4,9.4,14.9,,,
2024-05-07,20.0,8.7,14.3,,,
2024-05-08,21.6,10.6,16.1,,,
2024-05-09,16.6,9.3,12.9,,,
2024-05-10,17.2,11.3,14.3,,,
2024-05-11,14.9,9.9,12.4,,,
2024-05-12,17.7,10.3,14.0,,,
2024-05-13,21.9,11.2,16.6,,,
2024-05-14,21.9,14.0,17.9,,,
2024-05-15,20.6,13.7,17.2,,,
2024-05-16,20.7,13.8,17.2,,,
2024-05-17,19.6,15.5,17.5,,,
2024-05-18,20.7,14.8,17.8,,,
2024-05-19,24.1,13.1,18.6,,,
2024-05-20,27.6,15.0,21.3,,,
2024-05-21,29.8,18.9,24.3,,,
2024-05-22,28.2,18.2,23.2,,,
2024-05-23,25.8,16.3,21.0,,,
2024-05-24,27.3,14.5,20.9,,,
2024-05-25,19.5,12.9,16.2,,,
2024-05-26,21.8,12.9,17.3,,,
2024-05-27,24.7,14.9,19.8,,,
2024-05-28,19.8,14.1,16.9,,,
2024-05-29,21.0,12.7,16.9,,,
2024-05-30,20.3,9.7,15.0,,,
2024-05-31,22.7,9.2,16.0,,,
2024-06-01,24.3,11.8,18.1,,,
2024-06-02,17.9,15.1,16.5,,,
2024-06-03,23.2,15.9,19.5,,,
2024-06-04,27.0,16.1,21.6,,,
2024-06-05,25.9,18.8,22.4,,,
2024-06-06,26.7,17.1,21.9,,,
2024-06-07,20.1,13.7,16.9,,,
2024-06-08,22.1,12.8,17.4,,,
2024-06-09,18.9,12.1,15.5,,,
2024-06-10,17.2,12.1,14.7,,,
2024-06-11,17.3,11.3,14.3,,,
2024-06-12,22.4,11.9,17.1,,,
2024-06-13,28.2,16.5,22.3,,,
2024-06-14,24.6,15.4,20.0,,,
2024-06-15,22.9,14.0,18.4,,,
2024-06-16,21.6,14.4,18.0,,,
2024-06-17,28.6,16.0,22.3,,,
2024-06-18,31.7,20.9,26.3,,,
2024-06-19,33.1,22.7,27.9,,,
2024-06-20,30.5,21.3,25.9,,,
2024-06-21,24.7,20.0,22.4,,,
2024-06-22,22.8,20.2,21.5,,,
2024-06-23,28.1,18.7,23.4,,,
2024-06-24,29.3,17.7,23.5,,,
2024-06-25,26.0,17.6,21.8,,,
2024-06-26,29.2,17.0,23.1,,,
2024-06-27,22.7,14.6,18.7,,,
2024-06-28,21.8,13.1,17.5,,,
2024-06-29,27.5,18.2,22.8,,,
2024-06-30,23.5,14.0,18.8,,,
2024-07-01,23.9,11.8,17.9,,,
2024-07-02,24.0,15.1,19.5,,,
2024-07-03,28.2,19.7,24.0,,,
2024-07-04,29.4,20.4,24.9,,,
2024-07-05,28.0,20.4,24.2,,,
2024-07-06,28.4,19.5,23.9,,,
2024-07-07,28.4,18.2,23.3,,,
2024-07-08,29.8,19.2,24.5,,,
2024-07-09,28.9,21.3,25.1,,,
2024-07-10,24.5,18.7,21.6,,,
2024-07-11,25.9,18.9,22.4,,,
2024-07-12,28.7,18.3,23.5,,,
2024-07-13,28.0,18.5,23.3,,,
2024-07-14,28.6,20.2,24.4,,,
2024-07-15,25.1,20.8,22.9,,,
2024-07-16,27.7,20.4,24.1,,,
2024-07-17,27.5,18.5,23.0,,,
2024-07-18,22.8,15.9,19.3,,,
2024-07-19,24.5,13.8,19.1,,,
2024-07-20,27.1,15.7,21.4,,,
2024-07-21,28.0,19.2,23.6,,,
2024-07-22,27.4,18.1,22.8,,,
2024-07-23,,,,,,
2024-07-24,26.0,18.1,22.1,,,
2024-07-25,25.5,16.6,21.0,,,
2024-07-26,26.1,16.4,21.2,,,
2024-07-27,27.2,17.3,22.3,,,
2024-07-28,,,,,,
2024-07-29,28.7,19.9,24.3,,,
2024-07-30,28.8,23.1,25.9,,,
2024-07-31,32.3,22.9,27.6,,,
2024-08-01,30.3,22.3,26.3,,,
2024-08-02,27.7,24.2,26.0,,,
2024-08-03,27.7,22.2,25.0,,,
2024-08-04,30.2,19.6,24.9,,,
2024-08-05,26.0,19.4,22.7,,,
2024-08-06,21.4,17.3,19.4,,,
2024-08-07,24.9,16.4,20.6,,,
2024-08-08,25.4,18.9,22.1,,,
2024-08-09,28.5,17.5,23.0,,,
2024-08-10,24.4,17.0,20.7,,,
2024-08-11,22.4,16.5,19.4,,,
2024-08-12,24.3,15.9,20.1,,,
2024-08-13,26.0,16.8,21.4,,,
2024-08-14,27.3,17.3,22.3,,,
2024-08-15,28.0,17.5,22.8,,,
2024-08-16,25.6,19.2,22.4,,,
2024-08-17,26.2,20.5,23.4,,,
2024-08-18,27.3,17.6,22.4,,,
2024-08-19,18.9,13.2,16.0,,,
2024-08-20,20.8,12.2,16.5,,,
2024-08-21,21.9,11.4,16.6,,,
2024-08-22,24.5,12.3,18.4,,,
2024-08-23,25.5,14.2,19.9,,,
2024-08-24,25.8,15.4,20.6,,,
2024-08-25,27.1,17.7,22.4,,,
2024-08-26,29.1,18.4,23.8,,,
2024-08-27,32.4,20.9,26.7,,,
2024-08-28,25.0,17.6,21.3,,,
2024-08-29,22.0,17.3,19.7,,,
2024-08-30,27.3,17.1,22.2,,,
2024-08-31,28.4,18.4,23.4,,,
2024-09-01,26.1,15.5,20.8,,,
2024-09-02,20.7,12.5,16.6,,,
2024-09-03,22.4,11.6,17.0,,,
2024-09-04,24.6,13.3,19.0,,,
2024-09-05,24.9,16.6,20.7,,,
2024-09-06,22.6,14.3,18.4,,,
2024-09-07,16.6,8.8,12.7,,,
2024-09-08,19.5,8.4,14.0,,,
2024-09-09,20.9,13.6,17.3,,,
2024-09-10,,,,,,
2024-09-11,23.5,13.0,18.3,,,
2024-09-12,24.6,14.7,19.6,,,
2024-09-13,24.6,16.0,20.3,,,
2024-09-14,24.6,17.1,20.9,,,
2024-09-15,27.9,18.4,23.1,,,
2024-09-16,28.8,17.6,23.2,,,
2024-09-17,25.7,17.3,21.5,,,
2024-09-18,23.6,17.0,20.3,,,
2024-09-19,25.5,17.3,21.4,,,
2024-09-20,24.8,16.3,20.6,,,
2024-09-21,24.1,18.4,21.3,,,
2024-09-22,24.4,17.2,20.8,,,
2024-09-23,21.9,16.8,19.3,,,
2024-09-24,19.5,17.1,18.3,,,
2024-09-25,22.9,17.2,20.0,,,
2024-09-26,24.9,16.7,20.8,,,
2024-09-27,22.7,14.6,18.7,,,
2024-09-28,22.5,18.6,20.5,,,
2024-09-29,22.8,17.3,20.1,,,
2024-09-30,22.7,16.7,19.7,,,
2024-10-01,21.7,12.0,16.9,,,
2024-10-02,18.6,10.5,14.6,,,
2024-10-03,21.9,10.6,16.2,,,
2024-10-04,22.0,11.9,17.0,,,
2024-10-05,19.6,9.3,14.4,,,
2024-10-06,23.9,13.8,18.9,,,
2024-10-07,16.9,9.7,13.3,,,
2024-10-08,14.9,6.7,10.8,,,
2024-10-09,14.6,5.9,10.2,,,
2024-10-10,14.6,4.7,9.6,,,
2024-10-11,22.3,5.9,14.1,,,
2024-10-12,16.6,9.6,13.1,,,
2024-10-13,12.9,8.9,10.9,,,
2024-10-14,11.3,5.4,8.3,,,
2024-10-15,11.5,3.3,7.4,,,
2024-10-16,11.1,4.0,7.6,,,
2024-10-17,13.9,3.3,8.6,,,
2024-10-18,17.7,4.9,11.3,,,
2024-10-19,18.1,6.7,12.4,,,
2024-10-20,21.5,8.8,15.2,,,
2024-10-21,23.1,12.6,17.9,,,
2024-10-22,22.9,12.9,17.9,,,
2024-10-23,22.4,8.9,15.7,,,
2024-10-24,12.1,6.7,9.4,,,
2024-10-25,12.9,6.3,9.6,,,
2024-10-26,12.9,4.0,8.5,,,
2024-10-27,12.9,1.8,7.4,,,
2024-10-28,10.4,5.4,7.9,,,
2024-10-29,15.9,6.6,11.3,,,
2024-10-30,21.4,14.8,18.1,,,
2024-10-31,21.5,15.0,18.3,,,
2024-11-01,16.9,4.1,10.5,,,0
2024-11-02,8.6,1.9,5.3,,,0
2024-11-03,10.7,3.8,7.2,,,
2024-11-04,16.8,10.2,13.5,,,
2024-11-05,22.6,15.7,19.1,,,
2024-11-06,20.9,12.5,16.7,,,1
2024-11-07,14.3,8.9,11.6,,,
2024-11-08,13.5,4.9,9.2,,,
2024-11-09,9.3,2.5,5.9,,,1
2024-11-10,13.3,7.4,10.4,,,
2024-11-11,12.8,4.5,8.6,,,0
2024-11-12,7.9,1.0,4.5,,,
2024-11-13,8.3,0.8,4.5,,,
2024-11-14,9.7,6.2,8.0,,,0
2024-11-15,8.9,6.5,7.7,,,0
2024-11-16,9.9,4.0,7.0,,,
2024-11-17,11.2,3.8,7.5,,,0
2024-11-18,14.6,6.6,10.6,,,0
2024-11-19,10.7,6.5,8.6,,,
2024-11-20,10.1,5.2,7.7,,,
2024-11-21,5.9,3.3,4.6,,,
2024-11-22,8.0,4.6,6.3,,,0
2024-11-23,9.5,3.1,6.3,,,
2024-11-24,8.2,2.0,5.1,,,
2024-11-25,7.5,0.9,4.2,,,
2024-11-26,8.0,3.1,5.6,,,
2024-11-27,5.6,0.6,3.1,,,
2024-11-28,7.0,1.5,4.2,,,
2024-11-29,2.5,-1.5,0.5,,,
2024-11-30,0.9,-2.9,-1.0,,,
2024-12-01,2.0,-2.8,-0.4,,,
2024-12-02,3.2,-3.4,-0.1,,,
2024-12-03,2.9,-2.4,0.3,,,
2024-12-04,2.1,-0.5,0.8,,,
2024-12-05,1.6,-5.1,-1.7,,,
2024-12-06,-0.7,-6.7,-3.7,,,
2024-12-07,5.2,-2.0,1.6,,,0
2024-12-08,7.8,3.6,5.7,,,0
2024-12-09,4.2,0.3,2.3,,,
2024-12-10,9.4,4.2,6.8,,,
2024-12-11,6.6,0.1,3.4,,,
2024-12-12,0.2,-7.3,-3.6,,,
2024-12-13,-2.2,-7.5,-4.9,,,
2024-12-14,0.3,-7.2,-3.4,,,
2024-12-15,4.4,-0.8,1.8,,,
2024-12-16,8.5,4.2,6.4,,,
2024-12-17,9.3,3.9,6.6,,,
2024-12-18,4.1,1.6,2.9,,,
2024-12-19,1.7,-2.6,-0.4,,,
2024-12-20,-1.9,-5.2,-3.5,,,0
2024-12-21,-4.8,-15.1,-10.0,,,3
2024-12-22,-6.9,-16.3,-11.6,,,2
2024-12-23,1.4,-7.0,-2.8,,,3
2024-12-24,2.1,-1.3,0.4,,,7
2024-12-25,-0.1,-1.8,-1.0,,,6
2024-12-26,1.1,-1.3,-0.1,,,6
2024-12-27,2.4,0.9,1.6,,,6
2024-12-28,11.2,1.9,6.5,,,1
2024-12-29,11.8,4.5,8.1,,,
2024-12-30,9.1,2.7,5.9,,,
2024-12-31,5.0,0.8,2.9,,,
2025-01-01,3.6,1.1,2.3,,,
2025-01-02,1.4,-2.2,-0.4,,,
2025-01-03,0.8,-4.2,-1.7,,,
2025-01-04,-1.6,-5.8,-3.7,,,
2025-01-05,0.0,-5.1,-2.6,,,
2025-01-06,-2.7,-9.0,-5.8,,,
2025-01-07,-3.6,-8.0,-5.8,,,
2025-01-08,-5.7,-12.0,-8.9,,,
2025-01-09,-3.9,-11.0,-7.5,,,
2025-01-10,-1.7,-9.4,-5.5,,,
2025-01-11,0.7,-4.3,-1.8,,,6
2025-01-12,2.4,-1.7,0.3,,,3
2025-01-13,2.1,-6.7,-2.3,,,4
2025-01-14,-4.5,-7.4,-5.9,,,4
2025-01-15,-2.7,-8.6,-5.7,,,5
2025-01-16,-1.1,-6.3,-3.7,,,4
2025-01-17,3.4,-1.3,1.1,,,6
2025-01-18,4.6,-4.9,-0.2,,,5
2025-01-19,-4.8,-9.8,-7.3,,,1
2025-01-20,-8.3,-12.8,-10.5,,,3
2025-01-21,-9.8,-15.0,-12.4,,,3
2025-01-22,-7.6,-16.1,-11.8,,,2
2025-01-23,-3.2,-7.7,-5.4,,,3
2025-01-24,-3.7,-8.5,-6.1,,,3
2025-01-25,-0.2,-7.2,-3.7,,,3
2025-01-26,0.8,-4.4,-1.8,,,3
2025-01-27,2.4,-4.5,-1.1,,,3
2025-01-28,2.1,-10.6,-4.2,,,4
2025-01-29,2.8,-8.3,-2.8,,,10
2025-01-30,1.4,-8.7,-3.6,,,9
2025-01-31,2.7,-8.0,-2.6,,,8
2025-02-01,-8.0,-12.5,-10.2,,,6
2025-02-02,-2.0,-9.7,-5.8,,,6
2025-02-03,2.7,-3.3,-0.3,,,7
2025-02-04,0.6,-8.1,-3.7,,,6
2025-02-05,-3.6,-8.1,-5.8,,,7
2025-02-06,1.4,-3.6,-1.1,,,7
2025-02-07,-0.6,-6.9,-3.8,,,9
2025-02-08,-1.3,-6.4,-3.8,,,9
2025-02-09,0.8,-4.8,-2.0,,,21
2025-02-10,-2.2,-7.2,-4.7,,,17
2025-02-11,-0.5,-8.6,-4.5,,,16
2025-02-12,-3.2,-8.2,-5.7,,,14
2025-02-13,-1.5,-5.9,-3.7,,,34
2025-02-14,-3.3,-6.7,-5.0,,,31
2025-02-15,-1.0,-5.3,-3.2,,,30
2025-02-16,-3.8,-8.1,-6.0,,,39
2025-02-17,-5.7,-11.5,-8.6,,,46
2025-02-18,-5.9,-12.5,-9.2,,,42
2025-02-19,-5.7,-10.6,-8.1,,,39
2025-02-20,-6.7,-10.5,-8.6,,,38
2025-02-21,-4.9,-11.7,-8.3,,,37
2025-02-22,-0.3,-6.3,-3.3,,,36
2025-02-23,2.0,-2.3,-0.1,,,35
2025-02-24,8.5,-0.1,4.2,,,33
2025-02-25,8.1,2.9,5.5,,,29
2025-02-26,5.9,0.6,3.2,,,25
2025-02-27,5.6,0.1,2.8,,,24
2025-02-28,5.5,-3.3,1.1,,,22
2025-03-01,5.1,-11.3,-3.1,,,21
2025-03-02,-4.1,-15.1,-9.6,,,21
2025-03-03,3.3,-6.2,-1.4,,,21
2025-03-04,7.3,0.7,4.0,,,20
2025-03-05,7.3,3.5,5.4,,,16
2025-03-06,3.7,-2.7,0.5,,,12
2025-03-07,3.1,-1.5,0.8,,,12
2025-03-08,2.3,-4.9,-1.3,,,11
2025-03-09,8.0,-1.6,3.2,,,10
2025-03-10,11.7,2.7,7.2,,,8
2025-03-11,13.6,-1.0,6.3,,,5
2025-03-12,1.2,-2.1,-0.5,,,
2025-03-13,6.5,-1.8,2.3,,,
2025-03-14,10.9,1.4,6.2,,,
2025-03-15,15.1,7.9,11.5,,,
2025-03-16,15.9,1.9,8.9,,,
2025-03-17,5.5,-2.1,1.7,,,
2025-03-18,12.8,0.9,6.9,,,
2025-03-19,20.4,6.0,13.2,,,
2025-03-20,14.0,0.6,7.3,,,
2025-03-21,7.4,-1.0,3.2,,,
2025-03-22,7.7,-4.4,1.7,,,
2025-03-23,0.7,-5.3,-2.3,,,
2025-03-24,6.7,0.4,3.6,,,1
2025-03-25,4.9,0.6,2.7,,,
2025-03-26,4.7,-1.9,1.4,,,
2025-03-27,10.3,-2.9,3.7,,,
2025-03-28,3.9,1.4,2.6,,,
2025-03-29,2.3,-0.1,1.1,,,
2025-03-30,6.6,0.3,3.4,,,
2025-03-31,10.9,1.3,6.1,,,
2025-04-01,4.5,-0.7,1.9,,,
2025-04-02,5.1,-1.2,2.0,,,
2025-04-03,21.2,4.9,13.1,,,
2025-04-04,9.4,3.2,6.3,,,
2025-04-05,,,,,,
2025-04-06,,,,,,
2025-04-07,,,,,,
2025-04-08,,,,,,
2025-04-09,,,,,,
2025-04-10,,,,,,
2025-04-11,,,,,,
2025-04-12,,,,,,
2025-04-13,,,,,,
2025-04-14,,,,,,
2025-04-15,,,,,,
2025-04-16,,,,,,
2025-04-17,,,,,,
2025-04-18,,,,,,
2025-04-19,,,,,,
2025-04-20,,,,,,
2025-04-21,,,,,,
2025-04-22,,,,,,
2025-04-23,,,,,,
2025-04-24,,,,,,
2025-04-25,,,,,,
2025-04-26,,,,,,
2025-04-27,,,,,,
2025-04-28,,,,,,
2025-04-29,,,,,,
2025-04-30,,,,,,
2025-05-01,,,,,,
2025-05-02,,,,,,
2025-05-03,,,,,,
2025-05-04,,,,,,
2025-05-05,,,,,,
2025-05-06,,,,,,
2025-05-07,,,,,,
2025-05-08,,,,,,
2025-05-09,,,,,,
2025-05-10,,,,,,
2025-05-11,,,,,,
2025-05-12,,,,,,
2025-05-13,,,,,,
2025-05-14,,,,,,
2025-05-15,,,,,,
2025-05-16,,,,,,
2025-05-17,,,,,,
2025-05-18,,,,,,
2025-05-19,,,,,,
2025-05-20,,,,,,
2025-05-21,,,,,,
2025-05-22,,,,,,
2025-05-23,,,,,,
2025-05-24,,,,,,
2025-05-25,,,,,,
2025-05-26,,,,,,
2025-05-27,,,,,,
2025-05-28,,,,,,
2025-05-29,,,,,,
2025-05-30,,,,,,
2025-05-31,,,,,,
2025-06-01,,,,,,
2025-06-02,,,,,,
2025-06-03,,,,,,
2025-06-04,,,,,,
2025-06-05,,,,,,
2025-06-06,,,,,,
2025-06-07,,,,,,
2025-06-08,,,,,,
2025-06-09,,,,,,
2025-06-10,,,,,,
2025-06-11,,,,,,
2025-06-12,,,,,,
2025-06-13,,,,,,
2025-06-14,,,,,,
2025-06-15,,,,,,
2025-06-16,,,,,,
2025-06-17,,,,,,
2025-06-18,,,,,,
2025-06-19,,,,,,
2025-06-20,,,,,,
2025-06-21,,,,,,
2025-06-22,,,,,,
2025-06-23,,,,,,
2025-06-24,,,,,,
2025-06-25,,,,,,
2025-06-26,,,,,,
2025-06-27,,,,,,
2025-06-28,,,,,,
2025-06-29,,,,,,
2025-06-30,,,,,,
2025-07-01,,,,,,
2025-07-02,,,,,,
2025-07-03,,,,,,
2025-07-04,,,,,,
2025-07-05,,,,,,
2025-07-06,,,,,,
2025-07-07,,,,,,
2025-07-08,,,,,,
2025-07-09,,,,,,
2025-07-10,,,,,,
2025-07-11,,,,,,
2025-07-12,,,,,,
2025-07-13,,,,,,
2025-07-14,,,,,,
2025-07-15,,,,,,
2025-07-16,,,,,,
2025-07-17,,,,,,
2025-07-18,,,,,,
2025-07-19,,,,,,
2025-07-20,,,,,,
2025-07-21,,,,,,
2025-07-22,,,,,,
2025-07-23,,,,,,
2025-07-24,,,,,,
2025-07-25,,,,,,
2025-07-26,,,,,,
2025-07-27,,,,,,
2025-07-28,,,,,,
2025-07-29,,,,,,
2025-07-30,,,,,,
2025-07-31,,,,,,
2025-08-01,,,,,,
2025-08-02,,,,,,
2025-08-03,,,,,,
2025-08-04,,,,,,
2025-08-05,,,,,,
2025-08-06,,,,,,
2025-08-07,,,,,,
2025-08-08,,,,,,
2025-08-09,,,,,,
2025-08-10,,,,,,
2025-08-11,,,,,,
2025-08-12,,,,,,
2025-08-13,,,,,,
2025-08-14,,,,,,
2025-08-15,,,,,,
2025-08-16,,,,,,
2025-08-17,,,,,,
2025-08-18,,,,,,
2025-08-19,,,,,,
2025-08-20,,,,,,
2025-08-21,,,,,,
2025-08-22,,,,,,
2025-08-23,,,,,,
2025-08-24,,,,,,
2025-08-25,,,,,,
2025-08-26,,,,,,
2025-08-27,,,,,,
2025-08-28,,,,,,
2025-08-29,,,,,,
2025-08-30,,,,,,
2025-08-31,,,,,,
2025-09-01,,,,,,
2025-09-02,,,,,,
2025-09-03,,,,,,
2025-09-04,,,,,,
2025-09-05,,,,,,
2025-09-06,,,,,,
2025-09-07,,,,,,
2025-09-08,,,,,,
2025-09-09,,,,,,
2025-09-10,,,,,,
2025-09-11,,,,,,
2025-09-12,,,,,,
2025-09-13,,,,,,
2025-09-14,,,,,,
2025-09-15,,,,,,
2025-09-16,,,,,,
2025-09-17,,,,,,
2025-09-18,,,,,,
2025-09-19,,,,,,
2025-09-20,,,,,,
2025-09-21,,,,,,
2025-09-22,,,,,,
2025-09-23,,,,,,
2025-09-24,,,,,,
2025-09-25,,,,,,
2025-09-26,,,,,,
2025-09-27,,,,,,
2025-09-28,,,,,,
2025-09-29,,,,,,
2025-09-30,,,,,,
2025-10-01,,,,,,
2025-10-02,,,,,,
2025-10-03,,,,,,
2025-10-04,,,,,,
2025-10-05,,,,,,
2025-10-06,,,,,,
2025-10-07,,,,,,
2025-10-08,,,,,,
2025-10-09,,,,,,
2025-10-10,,,,,,
2025-10-11,,,,,,
2025-10-12,,,,,,
2025-10-13,,,,,,
2025-10-14,,,,,,
2025-10-15,,,,,,
2025-10-16,,,,,,
2025-10-17,,,,,,
2025-10-18,,,,,,
2025-10-19,,,,,,
2025-10-20,,,,,,
2025-10-21,,,,,,
2025-10-22,,,,,,
2025-10-23,,,,,,
2025-10-24,,,,,,
2025-10-25,,,,,,
2025-10-26,,,,,,
2025-10-27,,,,,,
2025-10-28,,,,,,
2025-10-29,,,,,,
2025-10-30,,,,,,
2025-10-31,,,,,,
2025-11-01,,,,,,
2025-11-02,,,,,,
2025-11-03,,,,,,
2025-11-04,,,,,,
2025-11-05,,,,,,
2025-11-06,,,,,,
2025-11-07,,,,,,
2025-11-08,,,,,,
2025-11-09,,,,,,
2025-11-10,,,,,,
2025-11-11,,,,,,
2025-11-12,,,,,,
2025-11-13,,,,,,
2025-11-14,,,,,,
2025-11-15,,,,,,
2025-11-16,,,,,,
2025-11-17,,,,,,
2025-11-18,,,,,,
2025-11-19,,,,,,
2025-11-20,,,,,,
2025-11-21,,,,,,
2025-11-22,,,,,,
2025-11-23,,,,,,
2025-11-24,,,,,,
2025-11-25,,,,,,
2025-11-26,,,,,,
2025-11-27,,,,,,
2025-11-28,,,,,,
2025-11-29,,,,,,
2025-11-30,,,,,,
2025-12-01,,,,,,
2025-12-02,,,,,,
2025-12-03,,,,,,
2025-12-04,,,,,,
2025-12-05,,,,,,
2025-12-06,,,,,,
2025-12-07,,,,,,
2025-12-08,,,,,,
2025-12-09,,,,,,
2025-12-10,,,,,,
2025-12-11,,,,,,
2025-12-12,,,,,,
2025-12-13,,,,,,
2025-12-14,,,,,,
2025-12-15,,,,,,
2025-12-16,,,,,,
2025-12-17,,,,,,
2025-12-18,,,,,,
2025-12-19,,,,,,
2025-12-20,,,,,,
2025-12-21,,,,,,
2025-12-22,,,,,,
2025-12-23,,,,,,
2025-12-24,,,,,,
2025-12-25,,,,,,
2025-12-26,,,,,,
2025-12-27,,,,,,
2025-12-28,,,,,,
2025-12-29,,,,,,
2025-12-30,,,,,,
2025-12-31,,,,,,
